Timestamp;UCT - DSchool - Basics - UCT - DSchool Load Power [W] - P_LOAD;UCT - DSchool - Basics - UCT - DSchool Solar [W] - P_SOLAR;UCT - DSchool - Basics - UCT - DSchool Incomer Power [W] - P_INCOMER
2023-08-01 00:00:00;;;
2023-08-01 00:05:00;;;34722.570
2023-08-01 00:10:00;;;41126.268
2023-08-01 00:15:00;;;51067.200
2023-08-01 00:20:00;;;55993.766
2023-08-01 00:25:00;;;56916.996
2023-08-01 00:30:00;;;53669.546
2023-08-01 00:35:00;;;50683.710
2023-08-01 00:40:00;;;50227.726
2023-08-01 00:45:00;;;50241.364
2023-08-01 00:50:00;;;51698.788
2023-08-01 00:55:00;;;48797.880
2023-08-01 01:00:00;;;44390.710
2023-08-01 01:05:00;;;45597.504
2023-08-01 01:10:00;;;41959.272
2023-08-01 01:15:00;;;46969.544
2023-08-01 01:20:00;;;41964.758
2023-08-01 01:25:00;;;46291.856
2023-08-01 01:30:00;;;43319.908
2023-08-01 01:35:00;;;46278.846
2023-08-01 01:40:00;;;44606.342
2023-08-01 01:45:00;;;45195.582
2023-08-01 01:50:00;;;43131.520
2023-08-01 01:55:00;;;47292.456
2023-08-01 02:00:00;;;41217.896
2023-08-01 02:05:00;;;47184.450
2023-08-01 02:10:00;;;44072.452
2023-08-01 02:15:00;;;43863.424
2023-08-01 02:20:00;;;44698.318
2023-08-01 02:25:00;;;44624.906
2023-08-01 02:30:00;;;45058.180
2023-08-01 02:35:00;;;46090.730
2023-08-01 02:40:00;;;44277.824
2023-08-01 02:45:00;;;44941.200
2023-08-01 02:50:00;;;47640.428
2023-08-01 02:55:00;;;56004.302
2023-08-01 03:00:00;;;73426.572
2023-08-01 03:05:00;;;77243.602
2023-08-01 03:10:00;;;72830.534
2023-08-01 03:15:00;;;58293.466
2023-08-01 03:20:00;;;60470.166
2023-08-01 03:25:00;;;60023.646
2023-08-01 03:30:00;;;55391.818
2023-08-01 03:35:00;;;54312.322
2023-08-01 03:40:00;;;54512.408
2023-08-01 03:45:00;;;54280.834
2023-08-01 03:50:00;;;50123.908
2023-08-01 03:55:00;;;56212.556
2023-08-01 04:00:00;;;51325.506
2023-08-01 04:05:00;;;52699.356
2023-08-01 04:10:00;;;54013.294
2023-08-01 04:15:00;;;49331.468
2023-08-01 04:20:00;;;52862.624
2023-08-01 04:25:00;;;53392.430
2023-08-01 04:30:00;;;53790.418
2023-08-01 04:35:00;;;53184.700
2023-08-01 04:40:00;;;51166.770
2023-08-01 04:45:00;;;54777.634
2023-08-01 04:50:00;;;54629.500
2023-08-01 04:55:00;;;51212.222
2023-08-01 05:00:00;;;54968.454
2023-08-01 05:05:00;;;50400.502
2023-08-01 05:10:00;;;55994.458
2023-08-01 05:15:00;;;52948.952
2023-08-01 05:20:00;;;52280.564
2023-08-01 05:25:00;;;51577.262
2023-08-01 05:30:00;;;54655.926
2023-08-01 05:35:00;;;53671.886
2023-08-01 05:40:00;;;54508.378
2023-08-01 05:45:00;;;53386.600
2023-08-01 05:50:00;;;52923.826
2023-08-01 05:55:00;;;52354.836
2023-08-01 06:00:00;;;51944.052
2023-08-01 06:05:00;;;52863.070
2023-08-01 06:10:00;;;53984.722
2023-08-01 06:15:00;;;53513.724
2023-08-01 06:20:00;;;52914.678
2023-08-01 06:25:00;;;51211.420
2023-08-01 06:30:00;;;52741.242
2023-08-01 06:35:00;;;53540.976
2023-08-01 06:40:00;;;54737.206
2023-08-01 06:45:00;;;55185.926
2023-08-01 06:50:00;;;54746.472
2023-08-01 06:55:00;;;55820.314
2023-08-01 07:00:00;;;58788.398
2023-08-01 07:05:00;;;57476.212
2023-08-01 07:10:00;;;56236.832
2023-08-01 07:15:00;;;56879.116
2023-08-01 07:20:00;60949.186;0.000;60949.186
2023-08-01 07:25:00;63049.090;0.000;63049.090
2023-08-01 07:30:00;62007.758;0.000;62007.758
2023-08-01 07:35:00;63674.144;0.000;63674.144
2023-08-01 07:40:00;61143.654;0.000;61143.654
2023-08-01 07:45:00;59505.090;0.000;59505.090
2023-08-01 07:50:00;60843.844;0.000;60843.844
2023-08-01 07:55:00;61593.168;0.000;61593.168
2023-08-01 08:00:00;62181.032;0.000;62181.032
2023-08-01 08:05:00;67032.180;0.000;67032.180
2023-08-01 08:10:00;64233.428;0.000;64233.428
2023-08-01 08:15:00;63019.054;0.000;63019.054
2023-08-01 08:20:00;61379.180;0.000;61379.180
2023-08-01 08:25:00;60185.578;0.000;60185.578
2023-08-01 08:30:00;14528.612;0.000;14528.612
2023-08-01 08:35:00;40589.340;0.000;40589.340
2023-08-01 08:40:00;59282.304;0.000;59282.304
2023-08-01 08:45:00;64770.066;0.000;64770.066
2023-08-01 08:50:00;62175.952;0.000;62175.952
2023-08-01 08:55:00;62673.738;0.000;62673.738
2023-08-01 09:00:00;61157.786;0.000;61157.786
2023-08-01 09:05:00;61485.952;0.000;61485.952
2023-08-01 09:10:00;61876.666;0.000;61876.666
2023-08-01 09:15:00;60739.464;0.000;60739.464
2023-08-01 09:20:00;59668.086;0.000;59668.086
2023-08-01 09:25:00;68511.132;0.000;68511.132
2023-08-01 09:30:00;73566.348;0.000;73566.348
2023-08-01 09:35:00;70774.282;0.000;70774.282
2023-08-01 09:40:00;70299.006;0.000;70299.006
2023-08-01 09:45:00;70043.970;0.000;70043.970
2023-08-01 09:50:00;75091.736;0.000;75091.736
2023-08-01 09:55:00;71252.258;0.000;71252.258
2023-08-01 10:00:00;75209.262;0.000;75209.262
2023-08-01 10:05:00;72413.770;0.000;72413.770
2023-08-01 10:10:00;75842.388;0.000;75842.388
2023-08-01 10:15:00;71695.944;0.000;71695.944
2023-08-01 10:20:00;74072.272;0.000;74072.272
2023-08-01 10:25:00;73833.594;0.000;73833.594
2023-08-01 10:30:00;74100.958;0.000;74100.958
2023-08-01 10:35:00;70392.042;0.000;70392.042
2023-08-01 10:40:00;75889.024;0.000;75889.024
2023-08-01 10:45:00;74524.362;0.000;74524.362
2023-08-01 10:50:00;73283.980;0.000;73283.980
2023-08-01 10:55:00;74661.900;0.000;74661.900
2023-08-01 11:00:00;73887.238;0.000;73887.238
2023-08-01 11:05:00;80978.262;0.000;80978.262
2023-08-01 11:10:00;76873.248;0.000;76873.248
2023-08-01 11:15:00;73917.644;0.000;73917.644
2023-08-01 11:20:00;76980.404;0.000;76980.404
2023-08-01 11:25:00;73293.046;0.000;73293.046
2023-08-01 11:30:00;74777.198;0.000;74777.198
2023-08-01 11:35:00;69300.138;0.000;69300.138
2023-08-01 11:40:00;69132.324;0.000;69132.324
2023-08-01 11:45:00;68878.012;0.000;68878.012
2023-08-01 11:50:00;61694.278;0.000;61694.278
2023-08-01 11:55:00;63957.238;0.000;63957.238
2023-08-01 12:00:00;61593.322;0.000;61593.322
2023-08-01 12:05:00;60226.278;0.000;60226.278
2023-08-01 12:10:00;;;
2023-08-01 12:15:00;;;
2023-08-01 12:20:00;;;
2023-08-01 12:25:00;;;
2023-08-01 12:30:00;;;
2023-08-01 12:35:00;;;
2023-08-01 12:40:00;;;
2023-08-01 12:45:00;;;
2023-08-01 12:50:00;;;
2023-08-01 12:55:00;;;
2023-08-01 13:00:00;;;
2023-08-01 13:05:00;;;
2023-08-01 13:10:00;;;
2023-08-01 13:15:00;;;
2023-08-01 13:20:00;;;
2023-08-01 13:25:00;;;
2023-08-01 13:30:00;;;
2023-08-01 13:35:00;;;
2023-08-01 13:40:00;;;
2023-08-01 13:45:00;;;
2023-08-01 13:50:00;;;
2023-08-01 13:55:00;;;
2023-08-01 14:00:00;;;
2023-08-01 14:05:00;;;
2023-08-01 14:10:00;45914.510;0.000;45914.510
2023-08-01 14:15:00;54816.538;0.000;54816.538
2023-08-01 14:20:00;56231.990;0.000;56231.990
2023-08-01 14:25:00;58729.564;0.000;58729.564
2023-08-01 14:30:00;57559.186;0.000;57559.186
2023-08-01 14:35:00;56696.274;0.000;56696.274
2023-08-01 14:40:00;56640.628;0.000;56640.628
2023-08-01 14:45:00;60003.990;0.000;60003.990
2023-08-01 14:50:00;55295.798;0.000;55295.798
2023-08-01 14:55:00;54515.202;0.000;54515.202
2023-08-01 15:00:00;53707.340;0.000;53707.340
2023-08-01 15:05:00;56571.238;0.000;56571.238
2023-08-01 15:10:00;55495.016;0.000;55495.016
2023-08-01 15:15:00;53162.634;0.000;53162.634
2023-08-01 15:20:00;53041.934;0.000;53041.934
2023-08-01 15:25:00;57360.318;0.000;57360.318
2023-08-01 15:30:00;56748.062;0.000;56748.062
2023-08-01 15:35:00;55567.680;0.000;55567.680
2023-08-01 15:40:00;53457.276;0.000;53457.276
2023-08-01 15:45:00;51668.458;0.000;51668.458
2023-08-01 15:50:00;58380.740;0.000;58380.740
2023-08-01 15:55:00;54997.838;0.000;54997.838
2023-08-01 16:00:00;53318.772;0.000;53318.772
2023-08-01 16:05:00;51767.772;0.000;51767.772
2023-08-01 16:10:00;53028.714;0.000;53028.714
2023-08-01 16:15:00;55548.514;0.000;55548.514
2023-08-01 16:20:00;58598.962;0.000;58598.962
2023-08-01 16:25:00;56052.724;0.000;56052.724
2023-08-01 16:30:00;56891.348;0.000;56891.348
2023-08-01 16:35:00;54878.246;0.000;54878.246
2023-08-01 16:40:00;55489.172;0.000;55489.172
2023-08-01 16:45:00;56254.770;0.000;56254.770
2023-08-01 16:50:00;56640.204;0.000;56640.204
2023-08-01 16:55:00;56302.272;0.000;56302.272
2023-08-01 17:00:00;56665.166;0.000;56665.166
2023-08-01 17:05:00;57158.424;0.000;57158.424
2023-08-01 17:10:00;55085.622;0.000;55085.622
2023-08-01 17:15:00;54079.874;0.000;54079.874
2023-08-01 17:20:00;53129.810;0.000;53129.810
2023-08-01 17:25:00;52955.572;0.000;52955.572
2023-08-01 17:30:00;57776.080;0.000;57776.080
2023-08-01 17:35:00;52135.020;0.000;52135.020
2023-08-01 17:40:00;52457.974;0.000;52457.974
2023-08-01 17:45:00;53071.236;0.000;53071.236
2023-08-01 17:50:00;52509.078;0.000;52509.078
2023-08-01 17:55:00;52532.346;0.000;52532.346
2023-08-01 18:00:00;55353.674;0.000;55353.674
2023-08-01 18:05:00;52411.446;0.000;52411.446
2023-08-01 18:10:00;52033.996;0.000;52033.996
2023-08-01 18:15:00;52336.322;0.000;52336.322
2023-08-01 18:20:00;52673.502;0.000;52673.502
2023-08-01 18:25:00;56392.012;0.000;56392.012
2023-08-01 18:30:00;52464.978;0.000;52464.978
2023-08-01 18:35:00;53257.258;0.000;53257.258
2023-08-01 18:40:00;;;52895.302
2023-08-01 18:45:00;;;53477.406
2023-08-01 18:50:00;;;54826.504
2023-08-01 18:55:00;;;52043.748
2023-08-01 19:00:00;;;51977.168
2023-08-01 19:05:00;;;56335.820
2023-08-01 19:10:00;;;52338.676
2023-08-01 19:15:00;;;51512.352
2023-08-01 19:20:00;;;51399.368
2023-08-01 19:25:00;;;51241.222
2023-08-01 19:30:00;;;52155.052
2023-08-01 19:35:00;;;52062.270
2023-08-01 19:40:00;;;56740.556
2023-08-01 19:45:00;;;53978.432
2023-08-01 19:50:00;;;53118.626
2023-08-01 19:55:00;;;52675.940
2023-08-01 20:00:00;;;51611.238
2023-08-01 20:05:00;;;52088.404
2023-08-01 20:10:00;;;51938.634
2023-08-01 20:15:00;;;56390.218
2023-08-01 20:20:00;;;52649.082
2023-08-01 20:25:00;;;52690.768
2023-08-01 20:30:00;;;53682.402
2023-08-01 20:35:00;;;55520.784
2023-08-01 20:40:00;;;52055.536
2023-08-01 20:45:00;;;53962.640
2023-08-01 20:50:00;;;55311.502
2023-08-01 20:55:00;;;50369.332
2023-08-01 21:00:00;;;49289.770
2023-08-01 21:05:00;;;48981.496
2023-08-01 21:10:00;;;49549.048
2023-08-01 21:15:00;;;49021.208
2023-08-01 21:20:00;;;52651.878
2023-08-01 21:25:00;;;49066.920
2023-08-01 21:30:00;;;48882.364
2023-08-01 21:35:00;;;48737.450
2023-08-01 21:40:00;;;49581.382
2023-08-01 21:45:00;;;49500.190
2023-08-01 21:50:00;;;49468.616
2023-08-01 21:55:00;;;52509.974
2023-08-01 22:00:00;;;48433.208
2023-08-01 22:05:00;;;49224.482
2023-08-01 22:10:00;;;48989.918
2023-08-01 22:15:00;;;49243.668
2023-08-01 22:20:00;;;50001.124
2023-08-01 22:25:00;;;49100.664
2023-08-01 22:30:00;;;48884.396
2023-08-01 22:35:00;;;52478.706
2023-08-01 22:40:00;;;55647.416
2023-08-01 22:45:00;;;62722.886
2023-08-01 22:50:00;;;63244.516
2023-08-01 22:55:00;;;58423.340
2023-08-01 23:00:00;;;49143.914
2023-08-01 23:05:00;;;48156.548
2023-08-01 23:10:00;;;50911.144
2023-08-01 23:15:00;;;50093.610
2023-08-01 23:20:00;;;49709.864
2023-08-01 23:25:00;;;49737.180
2023-08-01 23:30:00;;;53564.218
2023-08-01 23:35:00;;;50038.382
2023-08-01 23:40:00;;;48642.382
2023-08-01 23:45:00;;;48108.676
2023-08-01 23:50:00;;;48346.444
2023-08-01 23:55:00;;;48618.004
2023-08-02 00:00:00;;;47818.968
2023-08-02 00:05:00;;;48454.662
2023-08-02 00:10:00;;;50238.918
2023-08-02 00:15:00;;;53300.698
2023-08-02 00:20:00;;;49774.124
2023-08-02 00:25:00;;;48757.376
2023-08-02 00:30:00;;;48551.864
2023-08-02 00:35:00;;;49305.512
2023-08-02 00:40:00;;;48627.748
2023-08-02 00:45:00;;;48688.546
2023-08-02 00:50:00;;;48957.116
2023-08-02 00:55:00;;;49207.632
2023-08-02 01:00:00;;;48079.744
2023-08-02 01:05:00;;;48811.510
2023-08-02 01:10:00;;;48515.114
2023-08-02 01:15:00;;;49573.628
2023-08-02 01:20:00;;;49414.938
2023-08-02 01:25:00;;;49043.170
2023-08-02 01:30:00;;;49437.414
2023-08-02 01:35:00;;;48736.820
2023-08-02 01:40:00;;;48841.448
2023-08-02 01:45:00;;;50611.222
2023-08-02 01:50:00;;;48740.416
2023-08-02 01:55:00;;;49269.434
2023-08-02 02:00:00;;;49064.630
2023-08-02 02:05:00;;;49051.948
2023-08-02 02:10:00;;;49167.570
2023-08-02 02:15:00;;;49093.198
2023-08-02 02:20:00;;;48248.454
2023-08-02 02:25:00;;;53904.014
2023-08-02 02:30:00;;;49507.044
2023-08-02 02:35:00;;;50218.342
2023-08-02 02:40:00;;;49595.916
2023-08-02 02:45:00;;;49140.136
2023-08-02 02:50:00;;;50126.456
2023-08-02 02:55:00;;;49384.388
2023-08-02 03:00:00;;;49716.220
2023-08-02 03:05:00;;;48791.568
2023-08-02 03:10:00;;;49895.628
2023-08-02 03:15:00;;;49139.270
2023-08-02 03:20:00;;;49332.134
2023-08-02 03:25:00;;;48925.024
2023-08-02 03:30:00;;;51766.330
2023-08-02 03:35:00;;;49699.522
2023-08-02 03:40:00;;;48692.906
2023-08-02 03:45:00;;;49365.966
2023-08-02 03:50:00;;;52592.562
2023-08-02 03:55:00;;;49035.394
2023-08-02 04:00:00;;;48669.826
2023-08-02 04:05:00;;;48588.860
2023-08-02 04:10:00;;;
2023-08-02 04:15:00;;;
2023-08-02 04:20:00;;;
2023-08-02 04:25:00;;;
2023-08-02 04:30:00;;;
2023-08-02 04:35:00;;;
2023-08-02 04:40:00;;;
2023-08-02 04:45:00;;;
2023-08-02 04:50:00;;;
2023-08-02 04:55:00;;;
2023-08-02 05:00:00;;;
2023-08-02 05:05:00;;;
2023-08-02 05:10:00;;;
2023-08-02 05:15:00;;;
2023-08-02 05:20:00;;;
2023-08-02 05:25:00;;;
2023-08-02 05:30:00;;;
2023-08-02 05:35:00;;;
2023-08-02 05:40:00;;;
2023-08-02 05:45:00;;;
2023-08-02 05:50:00;;;
2023-08-02 05:55:00;;;
2023-08-02 06:00:00;;;
2023-08-02 06:05:00;;;41401.950
2023-08-02 06:10:00;;;52741.832
2023-08-02 06:15:00;;;58596.068
2023-08-02 06:20:00;;;56242.464
2023-08-02 06:25:00;;;58044.310
2023-08-02 06:30:00;;;55747.672
2023-08-02 06:35:00;;;54334.000
2023-08-02 06:40:00;;;54590.360
2023-08-02 06:45:00;;;53743.422
2023-08-02 06:50:00;;;54889.140
2023-08-02 06:55:00;;;56755.304
2023-08-02 07:00:00;;;58362.202
2023-08-02 07:05:00;;;56913.868
2023-08-02 07:10:00;;;53970.386
2023-08-02 07:15:00;56520.626;0.000;56520.626
2023-08-02 07:20:00;56660.104;0.000;56660.104
2023-08-02 07:25:00;58827.968;0.000;58827.968
2023-08-02 07:30:00;56140.602;0.000;56140.602
2023-08-02 07:35:00;54564.906;0.000;54564.906
2023-08-02 07:40:00;55766.346;0.000;55766.346
2023-08-02 07:45:00;55541.906;0.000;55541.906
2023-08-02 07:50:00;58346.074;0.000;58346.074
2023-08-02 07:55:00;58273.356;0.000;58273.356
2023-08-02 08:00:00;56077.344;0.000;56077.344
2023-08-02 08:05:00;59398.778;0.000;59398.778
2023-08-02 08:10:00;61545.408;0.000;61545.408
2023-08-02 08:15:00;56393.686;0.000;56393.686
2023-08-02 08:20:00;57640.202;0.000;57640.202
2023-08-02 08:25:00;57298.100;0.000;57298.100
2023-08-02 08:30:00;56747.670;0.000;56747.670
2023-08-02 08:35:00;59457.864;0.000;59457.864
2023-08-02 08:40:00;56341.868;0.000;56341.868
2023-08-02 08:45:00;59103.026;0.000;59103.026
2023-08-02 08:50:00;55204.632;0.000;55204.632
2023-08-02 08:55:00;54931.534;0.000;54931.534
2023-08-02 09:00:00;56592.390;0.000;56592.390
2023-08-02 09:05:00;56813.734;0.000;56813.734
2023-08-02 09:10:00;57708.192;0.000;57708.192
2023-08-02 09:15:00;55430.788;0.000;55430.788
2023-08-02 09:20:00;58721.382;0.000;58721.382
2023-08-02 09:25:00;58528.534;0.000;58528.534
2023-08-02 09:30:00;55329.734;0.000;55329.734
2023-08-02 09:35:00;56902.256;0.000;56902.256
2023-08-02 09:40:00;55211.186;0.000;55211.186
2023-08-02 09:45:00;57113.708;0.000;57113.708
2023-08-02 09:50:00;58257.234;0.000;58257.234
2023-08-02 09:55:00;58132.012;0.000;58132.012
2023-08-02 10:00:00;58131.000;0.000;58131.000
2023-08-02 10:05:00;59299.860;0.000;59299.860
2023-08-02 10:10:00;58105.922;0.000;58105.922
2023-08-02 10:15:00;60812.358;0.000;60812.358
2023-08-02 10:20:00;60759.854;0.000;60759.854
2023-08-02 10:25:00;61715.000;0.000;61715.000
2023-08-02 10:30:00;55535.018;0.000;55535.018
2023-08-02 10:35:00;59679.030;0.000;59679.030
2023-08-02 10:40:00;58523.768;0.000;58523.768
2023-08-02 10:45:00;58068.120;0.000;58068.120
2023-08-02 10:50:00;54521.122;0.000;54521.122
2023-08-02 10:55:00;59947.218;0.000;59947.218
2023-08-02 11:00:00;57154.324;0.000;57154.324
2023-08-02 11:05:00;55665.972;0.000;55665.972
2023-08-02 11:10:00;53546.674;0.000;53546.674
2023-08-02 11:15:00;57248.666;5108.688;52139.978
2023-08-02 11:20:00;55569.258;26146.118;29423.140
2023-08-02 11:25:00;56155.896;26691.444;29464.452
2023-08-02 11:30:00;60031.842;27114.608;32917.234
2023-08-02 11:35:00;58828.306;27439.862;31388.444
2023-08-02 11:40:00;56792.812;27797.116;28995.696
2023-08-02 11:45:00;55194.106;28121.454;27072.652
2023-08-02 11:50:00;57127.322;28401.728;28725.594
2023-08-02 11:55:00;61443.870;28736.582;32707.288
2023-08-02 12:00:00;57715.844;28913.018;28802.826
2023-08-02 12:05:00;55968.912;29168.230;26800.682
2023-08-02 12:10:00;55783.440;29389.460;26393.980
2023-08-02 12:15:00;56376.892;30663.274;25713.618
2023-08-02 12:20:00;58141.188;32099.746;26041.442
2023-08-02 12:25:00;59178.032;32869.006;26309.026
2023-08-02 12:30:00;58117.374;33582.376;24534.998
2023-08-02 12:35:00;55403.020;33869.300;21533.720
2023-08-02 12:40:00;56780.120;34205.584;22574.536
2023-08-02 12:45:00;55713.586;34529.226;21184.360
2023-08-02 12:50:00;56073.466;34867.670;21205.796
2023-08-02 12:55:00;57543.196;34634.884;22908.312
2023-08-02 13:00:00;60792.862;34620.488;26172.374
2023-08-02 13:05:00;58619.242;34749.650;23869.592
2023-08-02 13:10:00;56466.804;34812.054;21654.750
2023-08-02 13:15:00;55590.754;34675.576;20915.178
2023-08-02 13:20:00;57079.096;34320.416;22758.680
2023-08-02 13:25:00;56537.724;33856.272;22681.452
2023-08-02 13:30:00;56353.682;34154.696;22198.986
2023-08-02 13:35:00;56394.710;33908.240;22486.470
2023-08-02 13:40:00;54478.208;33386.548;21091.660
2023-08-02 13:45:00;55169.652;33091.556;22078.096
2023-08-02 13:50:00;55275.640;33229.498;22046.142
2023-08-02 13:55:00;55625.168;32888.340;22736.828
2023-08-02 14:00:00;53627.740;32340.982;21286.758
2023-08-02 14:05:00;56163.626;31795.916;24367.710
2023-08-02 14:10:00;59357.832;31550.260;27807.572
2023-08-02 14:15:00;56701.624;30979.452;25722.172
2023-08-02 14:20:00;56418.964;30122.096;26296.868
2023-08-02 14:25:00;55852.992;29510.318;26342.674
2023-08-02 14:30:00;56890.346;29367.534;27522.812
2023-08-02 14:35:00;56754.472;28651.812;28102.660
2023-08-02 14:40:00;56802.650;28132.214;28670.436
2023-08-02 14:45:00;55681.580;27528.816;28152.764
2023-08-02 14:50:00;58468.450;26910.626;31557.824
2023-08-02 14:55:00;57484.548;26334.670;31149.878
2023-08-02 15:00:00;60437.322;25799.216;34638.106
2023-08-02 15:05:00;56638.238;24797.726;31840.512
2023-08-02 15:10:00;60924.956;23985.240;36939.716
2023-08-02 15:15:00;54413.816;23256.326;31157.490
2023-08-02 15:20:00;60658.348;22082.236;38576.112
2023-08-02 15:25:00;56117.292;21299.140;34818.152
2023-08-02 15:30:00;59943.418;20167.654;39775.764
2023-08-02 15:35:00;57071.350;19108.372;37962.978
2023-08-02 15:40:00;56302.000;18108.492;38193.508
2023-08-02 15:45:00;58289.288;16985.644;41303.644
2023-08-02 15:50:00;50440.448;16116.382;34324.066
2023-08-02 15:55:00;54968.734;15305.022;39663.712
2023-08-02 16:00:00;50349.482;14324.692;36024.790
2023-08-02 16:05:00;50594.812;13549.162;37045.650
2023-08-02 16:10:00;54818.740;12474.010;42344.730
2023-08-02 16:15:00;50916.594;11705.176;39211.418
2023-08-02 16:20:00;50784.378;10708.572;40075.806
2023-08-02 16:25:00;50014.162;9560.096;40454.066
2023-08-02 16:30:00;55201.468;7513.676;47687.792
2023-08-02 16:35:00;50707.040;6110.086;44596.954
2023-08-02 16:40:00;49921.206;5498.742;44422.464
2023-08-02 16:45:00;50655.548;4784.144;45871.404
2023-08-02 16:50:00;50713.294;4275.728;46437.566
2023-08-02 16:55:00;50374.806;3779.732;46595.074
2023-08-02 17:00:00;51866.440;3074.160;48792.280
2023-08-02 17:05:00;51431.456;844.878;50586.578
2023-08-02 17:10:00;51123.700;727.246;50396.454
2023-08-02 17:15:00;51709.708;659.018;51050.690
2023-08-02 17:20:00;49814.704;566.580;49248.124
2023-08-02 17:25:00;49122.350;481.474;48640.876
2023-08-02 17:30:00;47436.830;395.032;47041.798
2023-08-02 17:35:00;47206.438;319.386;46887.052
2023-08-02 17:40:00;47539.702;240.124;47299.578
2023-08-02 17:45:00;47464.796;117.308;47347.488
2023-08-02 17:50:00;46171.150;110.030;46061.120
2023-08-02 17:55:00;46534.242;65.252;46468.990
2023-08-02 18:00:00;47472.180;42.520;47429.660
2023-08-02 18:05:00;46991.738;0.982;46990.756
2023-08-02 18:10:00;48065.866;0.000;48065.866
2023-08-02 18:15:00;49035.384;0.000;49035.384
2023-08-02 18:20:00;49647.296;0.000;49647.296
2023-08-02 18:25:00;50767.800;0.000;50767.800
2023-08-02 18:30:00;45911.042;0.000;45911.042
2023-08-02 18:35:00;46988.554;0.000;46988.554
2023-08-02 18:40:00;49840.682;0.000;49840.682
2023-08-02 18:45:00;50951.708;0.000;50951.708
2023-08-02 18:50:00;51863.318;0.000;51863.318
2023-08-02 18:55:00;52494.516;0.000;52494.516
2023-08-02 19:00:00;52060.302;0.000;52060.302
2023-08-02 19:05:00;49934.780;0.000;49934.780
2023-08-02 19:10:00;49444.688;0.000;49444.688
2023-08-02 19:15:00;51073.982;0.000;51073.982
2023-08-02 19:20:00;52175.700;0.000;52175.700
2023-08-02 19:25:00;48771.852;0.000;48771.852
2023-08-02 19:30:00;50514.100;0.000;50514.100
2023-08-02 19:35:00;46901.926;0.000;46901.926
2023-08-02 19:40:00;45405.068;0.000;45405.068
2023-08-02 19:45:00;45604.272;0.000;45604.272
2023-08-02 19:50:00;47361.512;0.000;47361.512
2023-08-02 19:55:00;41640.496;0.000;41640.496
2023-08-02 20:00:00;45284.370;0.000;45284.370
2023-08-02 20:05:00;46241.430;0.000;46241.430
2023-08-02 20:10:00;;;
2023-08-02 20:15:00;;;
2023-08-02 20:20:00;;;
2023-08-02 20:25:00;;;
2023-08-02 20:30:00;;;
2023-08-02 20:35:00;;;
2023-08-02 20:40:00;;;
2023-08-02 20:45:00;;;
2023-08-02 20:50:00;;;
2023-08-02 20:55:00;;;
2023-08-02 21:00:00;;;
2023-08-02 21:05:00;;;
2023-08-02 21:10:00;;;
2023-08-02 21:15:00;;;
2023-08-02 21:20:00;;;
2023-08-02 21:25:00;;;
2023-08-02 21:30:00;;;
2023-08-02 21:35:00;;;
2023-08-02 21:40:00;;;
2023-08-02 21:45:00;;;
2023-08-02 21:50:00;;;
2023-08-02 21:55:00;;;
2023-08-02 22:00:00;;;
2023-08-02 22:05:00;41214.210;0.000;41214.210
2023-08-02 22:10:00;50861.842;0.000;50861.842
2023-08-02 22:15:00;53638.664;0.000;53638.664
2023-08-02 22:20:00;50567.600;0.000;50567.600
2023-08-02 22:25:00;49174.428;0.000;49174.428
2023-08-02 22:30:00;39830.250;0.000;39830.250
2023-08-02 22:35:00;42218.320;0.000;42218.320
2023-08-02 22:40:00;40239.830;0.000;40239.830
2023-08-02 22:45:00;37968.416;0.000;37968.416
2023-08-02 22:50:00;43140.770;0.000;43140.770
2023-08-02 22:55:00;40147.278;0.000;40147.278
2023-08-02 23:00:00;40642.674;0.000;40642.674
2023-08-02 23:05:00;35995.882;0.000;35995.882
2023-08-02 23:10:00;40592.220;0.000;40592.220
2023-08-02 23:15:00;41199.130;0.000;41199.130
2023-08-02 23:20:00;38557.570;0.000;38557.570
2023-08-02 23:25:00;39636.928;0.000;39636.928
2023-08-02 23:30:00;42557.760;0.000;42557.760
2023-08-02 23:35:00;37062.356;0.000;37062.356
2023-08-02 23:40:00;42011.842;0.000;42011.842
2023-08-02 23:45:00;41917.670;0.000;41917.670
2023-08-02 23:50:00;39369.090;0.000;39369.090
2023-08-02 23:55:00;36219.618;0.000;36219.618
2023-08-03 00:00:00;38141.724;0.000;38141.724
2023-08-03 00:05:00;43841.486;0.000;43841.486
2023-08-03 00:10:00;45568.434;0.000;45568.434
2023-08-03 00:15:00;43639.696;0.000;43639.696
2023-08-03 00:20:00;39901.840;0.000;39901.840
2023-08-03 00:25:00;39114.624;0.000;39114.624
2023-08-03 00:30:00;38744.322;0.000;38744.322
2023-08-03 00:35:00;43628.142;0.000;43628.142
2023-08-03 00:40:00;45513.180;0.000;45513.180
2023-08-03 00:45:00;39692.328;0.000;39692.328
2023-08-03 00:50:00;43229.810;0.000;43229.810
2023-08-03 00:55:00;35533.986;0.000;35533.986
2023-08-03 01:00:00;43347.446;0.000;43347.446
2023-08-03 01:05:00;43409.862;0.000;43409.862
2023-08-03 01:10:00;42684.010;0.000;42684.010
2023-08-03 01:15:00;41240.540;0.000;41240.540
2023-08-03 01:20:00;38597.942;0.000;38597.942
2023-08-03 01:25:00;41888.770;0.000;41888.770
2023-08-03 01:30:00;42812.310;0.000;42812.310
2023-08-03 01:35:00;39060.686;0.000;39060.686
2023-08-03 01:40:00;42595.864;0.000;42595.864
2023-08-03 01:45:00;33653.328;0.000;33653.328
2023-08-03 01:50:00;42602.618;0.000;42602.618
2023-08-03 01:55:00;44088.464;0.000;44088.464
2023-08-03 02:00:00;40932.770;0.000;40932.770
2023-08-03 02:05:00;42147.364;0.000;42147.364
2023-08-03 02:10:00;34058.586;0.000;34058.586
2023-08-03 02:15:00;42129.970;0.000;42129.970
2023-08-03 02:20:00;43885.140;0.000;43885.140
2023-08-03 02:25:00;41851.196;0.000;41851.196
2023-08-03 02:30:00;40423.156;0.000;40423.156
2023-08-03 02:35:00;42311.640;0.000;42311.640
2023-08-03 02:40:00;37846.242;0.000;37846.242
2023-08-03 02:45:00;42582.292;0.000;42582.292
2023-08-03 02:50:00;39981.982;0.000;39981.982
2023-08-03 02:55:00;42158.020;0.000;42158.020
2023-08-03 03:00:00;43522.446;0.000;43522.446
2023-08-03 03:05:00;36299.426;0.000;36299.426
2023-08-03 03:10:00;43008.674;0.000;43008.674
2023-08-03 03:15:00;42788.016;0.000;42788.016
2023-08-03 03:20:00;41140.180;0.000;41140.180
2023-08-03 03:25:00;44413.120;0.000;44413.120
2023-08-03 03:30:00;42309.068;0.000;42309.068
2023-08-03 03:35:00;44856.640;0.000;44856.640
2023-08-03 03:40:00;43797.264;0.000;43797.264
2023-08-03 03:45:00;39046.498;0.000;39046.498
2023-08-03 03:50:00;43774.676;0.000;43774.676
2023-08-03 03:55:00;41269.860;0.000;41269.860
2023-08-03 04:00:00;41928.030;0.000;41928.030
2023-08-03 04:05:00;43294.712;0.000;43294.712
2023-08-03 04:10:00;40158.902;0.000;40158.902
2023-08-03 04:15:00;45138.012;0.000;45138.012
2023-08-03 04:20:00;43042.558;0.000;43042.558
2023-08-03 04:25:00;42032.268;0.000;42032.268
2023-08-03 04:30:00;45235.444;0.000;45235.444
2023-08-03 04:35:00;42005.736;0.000;42005.736
2023-08-03 04:40:00;42381.406;0.000;42381.406
2023-08-03 04:45:00;38589.488;0.000;38589.488
2023-08-03 04:50:00;45508.490;0.000;45508.490
2023-08-03 04:55:00;47190.184;0.000;47190.184
2023-08-03 05:00:00;42601.416;0.000;42601.416
2023-08-03 05:05:00;45116.808;0.000;45116.808
2023-08-03 05:10:00;37148.346;0.000;37148.346
2023-08-03 05:15:00;44768.018;0.000;44768.018
2023-08-03 05:20:00;45128.076;0.000;45128.076
2023-08-03 05:25:00;43302.362;0.000;43302.362
2023-08-03 05:30:00;43181.284;0.000;43181.284
2023-08-03 05:35:00;35998.468;0.000;35998.468
2023-08-03 05:40:00;43236.670;0.000;43236.670
2023-08-03 05:45:00;45666.008;0.000;45666.008
2023-08-03 05:50:00;45292.108;0.000;45292.108
2023-08-03 05:55:00;40099.060;0.000;40099.060
2023-08-03 06:00:00;43488.672;0.000;43488.672
2023-08-03 06:05:00;36394.834;0.000;36394.834
2023-08-03 06:10:00;44538.320;0.000;44538.320
2023-08-03 06:15:00;46789.634;0.000;46789.634
2023-08-03 06:20:00;45959.158;0.000;45959.158
2023-08-03 06:25:00;38502.014;0.000;38502.014
2023-08-03 06:30:00;45359.414;0.000;45359.414
2023-08-03 06:35:00;44407.446;0.000;44407.446
2023-08-03 06:40:00;43003.606;0.000;43003.606
2023-08-03 06:45:00;50357.766;0.000;50357.766
2023-08-03 06:50:00;45155.718;0.000;45155.718
2023-08-03 06:55:00;50272.258;0.000;50272.258
2023-08-03 07:00:00;50351.374;0.000;50351.374
2023-08-03 07:05:00;45564.234;0.000;45564.234
2023-08-03 07:10:00;55609.026;0.000;55609.026
2023-08-03 07:15:00;50052.326;0.000;50052.326
2023-08-03 07:20:00;58183.086;0.000;58183.086
2023-08-03 07:25:00;47851.382;0.000;47851.382
2023-08-03 07:30:00;56437.186;0.000;56437.186
2023-08-03 07:35:00;47111.340;0.000;47111.340
2023-08-03 07:40:00;58207.266;0.000;58207.266
2023-08-03 07:45:00;60461.184;5.672;60455.512
2023-08-03 07:50:00;63373.474;48.820;63324.654
2023-08-03 07:55:00;54481.128;92.436;54388.692
2023-08-03 08:00:00;54539.404;230.584;54308.820
2023-08-03 08:05:00;53443.274;298.156;53145.118
2023-08-03 08:10:00;63314.230;453.012;62861.218
2023-08-03 08:15:00;59933.210;599.462;59333.748
2023-08-03 08:20:00;54518.290;834.882;53683.408
2023-08-03 08:25:00;56663.376;1000.806;55662.570
2023-08-03 08:30:00;54382.416;1187.226;53195.190
2023-08-03 08:35:00;57991.862;1438.200;56553.662
2023-08-03 08:40:00;62392.508;1645.516;60746.992
2023-08-03 08:45:00;52160.238;1889.408;50270.830
2023-08-03 08:50:00;53999.154;2335.058;51664.096
2023-08-03 08:55:00;74419.388;2740.986;71678.402
2023-08-03 09:00:00;109364.902;3123.266;106241.636
2023-08-03 09:05:00;121213.070;3711.930;117501.140
2023-08-03 09:10:00;113278.522;5082.534;108195.988
2023-08-03 09:15:00;100904.932;5965.036;94939.896
2023-08-03 09:20:00;98202.492;7331.550;90870.942
2023-08-03 09:25:00;94084.058;8226.410;85857.648
2023-08-03 09:30:00;86427.258;9004.342;77422.916
2023-08-03 09:35:00;82490.728;9774.462;72716.266
2023-08-03 09:40:00;76706.490;10478.664;66227.826
2023-08-03 09:45:00;80971.192;11127.040;69844.152
2023-08-03 09:50:00;73162.824;11927.084;61235.740
2023-08-03 09:55:00;80862.862;13432.378;67430.484
2023-08-03 10:00:00;73069.636;15614.862;57454.774
2023-08-03 10:05:00;79880.908;17084.832;62796.076
2023-08-03 10:10:00;74894.652;17797.970;57096.682
2023-08-03 10:15:00;79834.846;18480.756;61354.090
2023-08-03 10:20:00;80710.794;19110.010;61600.784
2023-08-03 10:25:00;84036.428;19771.904;64264.524
2023-08-03 10:30:00;86358.940;20423.556;65935.384
2023-08-03 10:35:00;85636.530;20990.234;64646.296
2023-08-03 10:40:00;75433.882;21496.468;53937.414
2023-08-03 10:45:00;70936.428;22045.442;48890.986
2023-08-03 10:50:00;69433.048;22575.182;46857.866
2023-08-03 10:55:00;65060.360;23129.824;41930.536
2023-08-03 11:00:00;63879.792;23624.544;40255.248
2023-08-03 11:05:00;62036.756;24055.220;37981.536
2023-08-03 11:10:00;61749.832;24542.932;37206.900
2023-08-03 11:15:00;59925.660;24996.110;34929.550
2023-08-03 11:20:00;63356.796;25359.922;37996.874
2023-08-03 11:25:00;63179.522;25795.372;37384.150
2023-08-03 11:30:00;61423.376;26072.032;35351.344
2023-08-03 11:35:00;61590.590;26431.950;35158.640
2023-08-03 11:40:00;64918.410;26807.970;38110.440
2023-08-03 11:45:00;62122.066;27097.738;35024.328
2023-08-03 11:50:00;70315.198;27429.988;42885.210
2023-08-03 11:55:00;70263.514;27734.708;42528.806
2023-08-03 12:00:00;74602.306;28206.832;46395.474
2023-08-03 12:05:00;70172.856;29224.340;40948.516
2023-08-03 12:10:00;74865.140;29885.640;44979.500
2023-08-03 12:15:00;;;
2023-08-03 12:20:00;;;
2023-08-03 12:25:00;;;
2023-08-03 12:30:00;;;
2023-08-03 12:35:00;;;
2023-08-03 12:40:00;;;
2023-08-03 12:45:00;;;
2023-08-03 12:50:00;;;
2023-08-03 12:55:00;;;
2023-08-03 13:00:00;;;
2023-08-03 13:05:00;;;
2023-08-03 13:10:00;;;
2023-08-03 13:15:00;;;
2023-08-03 13:20:00;;;
2023-08-03 13:25:00;;;
2023-08-03 13:30:00;;;
2023-08-03 13:35:00;;;
2023-08-03 13:40:00;;;
2023-08-03 13:45:00;;;
2023-08-03 13:50:00;;;
2023-08-03 13:55:00;;;
2023-08-03 14:00:00;;;
2023-08-03 14:05:00;;;
2023-08-03 14:10:00;72350.858;29600.664;42750.194
2023-08-03 14:15:00;80011.060;29955.694;50055.366
2023-08-03 14:20:00;84281.822;28845.516;55436.306
2023-08-03 14:25:00;90520.522;27800.672;62719.850
2023-08-03 14:30:00;90296.572;26081.880;64214.692
2023-08-03 14:35:00;90825.886;28308.784;62517.102
2023-08-03 14:40:00;79552.394;27816.902;51735.492
2023-08-03 14:45:00;88039.546;26190.776;61848.770
2023-08-03 14:50:00;96304.806;24794.850;71509.956
2023-08-03 14:55:00;95776.314;25319.748;70456.566
2023-08-03 15:00:00;95105.178;25336.376;69768.802
2023-08-03 15:05:00;73026.120;24133.526;48892.594
2023-08-03 15:10:00;72825.696;23043.048;49782.648
2023-08-03 15:15:00;76531.694;21370.870;55160.824
2023-08-03 15:20:00;77599.494;20341.564;57257.930
2023-08-03 15:25:00;75476.092;18781.812;56694.280
2023-08-03 15:30:00;67950.872;19179.012;48771.860
2023-08-03 15:35:00;72862.358;18042.458;54819.900
2023-08-03 15:40:00;75671.602;12761.720;62909.882
2023-08-03 15:45:00;75469.124;16063.348;59405.776
2023-08-03 15:50:00;74339.194;15685.860;58653.334
2023-08-03 15:55:00;67468.300;14086.912;53381.388
2023-08-03 16:00:00;71548.628;13501.858;58046.770
2023-08-03 16:05:00;75988.254;12264.650;63723.604
2023-08-03 16:10:00;66332.128;11219.166;55112.962
2023-08-03 16:15:00;66547.734;9790.586;56757.148
2023-08-03 16:20:00;73974.152;8594.926;65379.226
2023-08-03 16:25:00;69333.900;7266.836;62067.064
2023-08-03 16:30:00;67482.038;6291.474;61190.564
2023-08-03 16:35:00;67673.494;5638.004;62035.490
2023-08-03 16:40:00;73001.702;4935.382;68066.320
2023-08-03 16:45:00;67306.198;4232.348;63073.850
2023-08-03 16:50:00;66166.546;3653.086;62513.460
2023-08-03 16:55:00;72427.808;3203.734;69224.074
2023-08-03 17:00:00;71429.964;2858.314;68571.650
2023-08-03 17:05:00;66237.428;1518.096;64719.332
2023-08-03 17:10:00;65900.520;1305.232;64595.288
2023-08-03 17:15:00;68379.798;1179.004;67200.794
2023-08-03 17:20:00;62959.988;1064.554;61895.434
2023-08-03 17:25:00;60544.358;925.210;59619.148
2023-08-03 17:30:00;64354.236;805.194;63549.042
2023-08-03 17:35:00;64766.704;645.288;64121.416
2023-08-03 17:40:00;58837.110;521.352;58315.758
2023-08-03 17:45:00;58656.404;354.516;58301.888
2023-08-03 17:50:00;62753.668;238.604;62515.064
2023-08-03 17:55:00;59650.970;136.452;59514.518
2023-08-03 18:00:00;52987.958;70.214;52917.744
2023-08-03 18:05:00;52986.366;12.808;52973.558
2023-08-03 18:10:00;59474.984;0.000;59474.984
2023-08-03 18:15:00;56095.564;0.000;56095.564
2023-08-03 18:20:00;48420.094;0.000;48420.094
2023-08-03 18:25:00;56231.114;0.000;56231.114
2023-08-03 18:30:00;60775.298;0.000;60775.298
2023-08-03 18:35:00;51684.064;0.000;51684.064
2023-08-03 18:40:00;48283.534;0.000;48283.534
2023-08-03 18:45:00;62682.316;0.000;62682.316
2023-08-03 18:50:00;59142.908;0.000;59142.908
2023-08-03 18:55:00;55185.222;0.000;55185.222
2023-08-03 19:00:00;53995.486;0.000;53995.486
2023-08-03 19:05:00;59410.404;0.000;59410.404
2023-08-03 19:10:00;57157.868;0.000;57157.868
2023-08-03 19:15:00;52946.994;0.000;52946.994
2023-08-03 19:20:00;58590.192;0.000;58590.192
2023-08-03 19:25:00;61370.264;0.000;61370.264
2023-08-03 19:30:00;52622.840;0.000;52622.840
2023-08-03 19:35:00;52118.828;0.000;52118.828
2023-08-03 19:40:00;62008.842;0.000;62008.842
2023-08-03 19:45:00;54952.770;0.000;54952.770
2023-08-03 19:50:00;54099.912;0.000;54099.912
2023-08-03 19:55:00;52238.716;0.000;52238.716
2023-08-03 20:00:00;48593.978;0.000;48593.978
2023-08-03 20:05:00;41970.322;0.000;41970.322
2023-08-03 20:10:00;36966.030;0.000;36966.030
2023-08-03 20:15:00;43664.684;0.000;43664.684
2023-08-03 20:20:00;44749.168;0.000;44749.168
2023-08-03 20:25:00;41934.048;0.000;41934.048
2023-08-03 20:30:00;37258.636;0.000;37258.636
2023-08-03 20:35:00;41133.210;0.000;41133.210
2023-08-03 20:40:00;47697.400;0.000;47697.400
2023-08-03 20:45:00;36417.752;0.000;36417.752
2023-08-03 20:50:00;38697.798;0.000;38697.798
2023-08-03 20:55:00;44646.338;0.000;44646.338
2023-08-03 21:00:00;44692.870;0.000;44692.870
2023-08-03 21:05:00;44564.390;0.000;44564.390
2023-08-03 21:10:00;45969.208;0.000;45969.208
2023-08-03 21:15:00;46465.530;0.000;46465.530
2023-08-03 21:20:00;45581.284;0.000;45581.284
2023-08-03 21:25:00;44297.758;0.000;44297.758
2023-08-03 21:30:00;44227.556;0.000;44227.556
2023-08-03 21:35:00;44327.210;0.000;44327.210
2023-08-03 21:40:00;44747.690;0.000;44747.690
2023-08-03 21:45:00;45371.718;0.000;45371.718
2023-08-03 21:50:00;44225.852;0.000;44225.852
2023-08-03 21:55:00;44347.200;0.000;44347.200
2023-08-03 22:00:00;45254.650;0.000;45254.650
2023-08-03 22:05:00;45063.602;0.000;45063.602
2023-08-03 22:10:00;44782.714;0.000;44782.714
2023-08-03 22:15:00;44679.316;0.000;44679.316
2023-08-03 22:20:00;45100.626;0.000;45100.626
2023-08-03 22:25:00;44074.164;0.000;44074.164
2023-08-03 22:30:00;41518.790;0.000;41518.790
2023-08-03 22:35:00;36346.652;0.000;36346.652
2023-08-03 22:40:00;43578.314;0.000;43578.314
2023-08-03 22:45:00;44386.218;0.000;44386.218
2023-08-03 22:50:00;44958.256;0.000;44958.256
2023-08-03 22:55:00;44231.126;0.000;44231.126
2023-08-03 23:00:00;35256.042;0.000;35256.042
2023-08-03 23:05:00;41543.462;0.000;41543.462
2023-08-03 23:10:00;42603.466;0.000;42603.466
2023-08-03 23:15:00;43918.164;0.000;43918.164
2023-08-03 23:20:00;44778.566;0.000;44778.566
2023-08-03 23:25:00;41204.516;0.000;41204.516
2023-08-03 23:30:00;37401.126;0.000;37401.126
2023-08-03 23:35:00;42526.828;0.000;42526.828
2023-08-03 23:40:00;43354.660;0.000;43354.660
2023-08-03 23:45:00;43960.360;0.000;43960.360
2023-08-03 23:50:00;41527.472;0.000;41527.472
2023-08-03 23:55:00;34428.108;0.000;34428.108
2023-08-04 00:00:00;42566.630;0.000;42566.630
2023-08-04 00:05:00;42766.784;0.000;42766.784
2023-08-04 00:10:00;45358.600;0.000;45358.600
2023-08-04 00:15:00;45707.422;0.000;45707.422
2023-08-04 00:20:00;35978.080;0.000;35978.080
2023-08-04 00:25:00;39834.902;0.000;39834.902
2023-08-04 00:30:00;43218.052;0.000;43218.052
2023-08-04 00:35:00;37998.598;0.000;37998.598
2023-08-04 00:40:00;42245.086;0.000;42245.086
2023-08-04 00:45:00;41556.234;0.000;41556.234
2023-08-04 00:50:00;37459.564;0.000;37459.564
2023-08-04 00:55:00;43767.072;0.000;43767.072
2023-08-04 01:00:00;41869.910;0.000;41869.910
2023-08-04 01:05:00;39883.762;0.000;39883.762
2023-08-04 01:10:00;43689.662;0.000;43689.662
2023-08-04 01:15:00;37723.956;0.000;37723.956
2023-08-04 01:20:00;40907.460;0.000;40907.460
2023-08-04 01:25:00;43268.226;0.000;43268.226
2023-08-04 01:30:00;38063.800;0.000;38063.800
2023-08-04 01:35:00;40701.134;0.000;40701.134
2023-08-04 01:40:00;43938.370;0.000;43938.370
2023-08-04 01:45:00;38217.838;0.000;38217.838
2023-08-04 01:50:00;39884.536;0.000;39884.536
2023-08-04 01:55:00;43957.758;0.000;43957.758
2023-08-04 02:00:00;38447.976;0.000;38447.976
2023-08-04 02:05:00;40947.456;0.000;40947.456
2023-08-04 02:10:00;43196.526;0.000;43196.526
2023-08-04 02:15:00;43111.024;0.000;43111.024
2023-08-04 02:20:00;37427.782;0.000;37427.782
2023-08-04 02:25:00;39106.184;0.000;39106.184
2023-08-04 02:30:00;44146.438;0.000;44146.438
2023-08-04 02:35:00;43445.868;0.000;43445.868
2023-08-04 02:40:00;44144.252;0.000;44144.252
2023-08-04 02:45:00;37166.464;0.000;37166.464
2023-08-04 02:50:00;40169.360;0.000;40169.360
2023-08-04 02:55:00;47614.198;0.000;47614.198
2023-08-04 03:00:00;44529.102;0.000;44529.102
2023-08-04 03:05:00;49270.044;0.000;49270.044
2023-08-04 03:10:00;40601.088;0.000;40601.088
2023-08-04 03:15:00;42832.998;0.000;42832.998
2023-08-04 03:20:00;48315.370;0.000;48315.370
2023-08-04 03:25:00;47794.314;0.000;47794.314
2023-08-04 03:30:00;46379.062;0.000;46379.062
2023-08-04 03:35:00;40976.762;0.000;40976.762
2023-08-04 03:40:00;42883.632;0.000;42883.632
2023-08-04 03:45:00;43823.314;0.000;43823.314
2023-08-04 03:50:00;44351.692;0.000;44351.692
2023-08-04 03:55:00;36248.556;0.000;36248.556
2023-08-04 04:00:00;39066.120;0.000;39066.120
2023-08-04 04:05:00;43792.500;0.000;43792.500
2023-08-04 04:10:00;45644.146;0.000;45644.146
2023-08-04 04:15:00;43945.230;0.000;43945.230
2023-08-04 04:20:00;36257.092;0.000;36257.092
2023-08-04 04:25:00;41248.394;0.000;41248.394
2023-08-04 04:30:00;44059.334;0.000;44059.334
2023-08-04 04:35:00;45899.618;0.000;45899.618
2023-08-04 04:40:00;39707.214;0.000;39707.214
2023-08-04 04:45:00;38482.132;0.000;38482.132
2023-08-04 04:50:00;43816.000;0.000;43816.000
2023-08-04 04:55:00;45013.012;0.000;45013.012
2023-08-04 05:00:00;43906.648;0.000;43906.648
2023-08-04 05:05:00;36192.784;0.000;36192.784
2023-08-04 05:10:00;42223.308;0.000;42223.308
2023-08-04 05:15:00;43553.104;0.000;43553.104
2023-08-04 05:20:00;36660.308;0.000;36660.308
2023-08-04 05:25:00;45476.674;0.000;45476.674
2023-08-04 05:30:00;40410.206;0.000;40410.206
2023-08-04 05:35:00;38835.340;0.000;38835.340
2023-08-04 05:40:00;43504.180;0.000;43504.180
2023-08-04 05:45:00;37409.022;0.000;37409.022
2023-08-04 05:50:00;45207.006;0.000;45207.006
2023-08-04 05:55:00;38866.312;0.000;38866.312
2023-08-04 06:00:00;41328.532;0.000;41328.532
2023-08-04 06:05:00;43768.928;0.000;43768.928
2023-08-04 06:10:00;36489.782;0.000;36489.782
2023-08-04 06:15:00;43788.920;0.000;43788.920
2023-08-04 06:20:00;39962.354;0.000;39962.354
2023-08-04 06:25:00;39865.112;0.000;39865.112
2023-08-04 06:30:00;46210.802;0.000;46210.802
2023-08-04 06:35:00;39517.126;0.000;39517.126
2023-08-04 06:40:00;45399.978;0.000;45399.978
2023-08-04 06:45:00;43477.442;0.000;43477.442
2023-08-04 06:50:00;42064.742;0.000;42064.742
2023-08-04 06:55:00;49809.872;0.000;49809.872
2023-08-04 07:00:00;41851.328;0.000;41851.328
2023-08-04 07:05:00;47226.784;0.000;47226.784
2023-08-04 07:10:00;43517.678;0.000;43517.678
2023-08-04 07:15:00;41947.408;0.000;41947.408
2023-08-04 07:20:00;50463.660;0.000;50463.660
2023-08-04 07:25:00;42580.342;0.000;42580.342
2023-08-04 07:30:00;48764.646;0.000;48764.646
2023-08-04 07:35:00;46989.878;0.000;46989.878
2023-08-04 07:40:00;48588.310;0.000;48588.310
2023-08-04 07:45:00;54003.354;2.222;54001.132
2023-08-04 07:50:00;45511.960;85.066;45426.894
2023-08-04 07:55:00;54075.842;297.194;53778.648
2023-08-04 08:00:00;51873.410;388.168;51485.242
2023-08-04 08:05:00;49016.242;519.138;48497.104
2023-08-04 08:10:00;51849.366;826.320;51023.046
2023-08-04 08:15:00;44009.214;1198.538;42810.676
2023-08-04 08:20:00;52821.326;1492.258;51329.068
2023-08-04 08:25:00;47684.664;1719.124;45965.540
2023-08-04 08:30:00;48494.408;2157.820;46336.588
2023-08-04 08:35:00;52444.154;2349.676;50094.478
2023-08-04 08:40:00;47476.670;2448.654;45028.016
2023-08-04 08:45:00;44515.458;2439.068;42076.390
2023-08-04 08:50:00;52619.994;2880.884;49739.110
2023-08-04 08:55:00;50384.562;3496.726;46887.836
2023-08-04 09:00:00;45709.924;4018.438;41691.486
2023-08-04 09:05:00;49740.212;3668.736;46071.476
2023-08-04 09:10:00;52253.894;5147.128;47106.766
2023-08-04 09:15:00;43862.302;6531.500;37330.802
2023-08-04 09:20:00;44849.196;7484.228;37364.968
2023-08-04 09:25:00;50788.764;8450.998;42337.766
2023-08-04 09:30:00;49315.444;9518.542;39796.902
2023-08-04 09:35:00;43935.920;10227.044;33708.876
2023-08-04 09:40:00;49859.086;10903.110;38955.976
2023-08-04 09:45:00;52323.748;11646.722;40677.026
2023-08-04 09:50:00;46857.436;12655.050;34202.386
2023-08-04 09:55:00;44264.504;14760.236;29504.268
2023-08-04 10:00:00;52306.178;17199.574;35106.604
2023-08-04 10:05:00;53420.650;19012.448;34408.202
2023-08-04 10:10:00;44628.430;19963.092;24665.338
2023-08-04 10:15:00;48084.162;20013.806;28070.356
2023-08-04 10:20:00;52820.118;20292.368;32527.750
2023-08-04 10:25:00;48855.144;21062.016;27793.128
2023-08-04 10:30:00;43772.708;22012.324;21760.384
2023-08-04 10:35:00;48940.106;23228.568;25711.538
2023-08-04 10:40:00;52178.024;23730.280;28447.744
2023-08-04 10:45:00;44717.068;19887.648;24829.420
2023-08-04 10:50:00;42795.868;18390.122;24405.746
2023-08-04 10:55:00;50355.366;16213.736;34141.630
2023-08-04 11:00:00;49736.758;23615.682;26121.076
2023-08-04 11:05:00;43001.618;25101.372;17900.246
2023-08-04 11:10:00;46083.638;26322.916;19760.722
2023-08-04 11:15:00;52050.216;26691.608;25358.608
2023-08-04 11:20:00;47008.064;26989.542;20018.522
2023-08-04 11:25:00;43171.842;25741.760;17430.082
2023-08-04 11:30:00;48002.492;27831.696;20170.796
2023-08-04 11:35:00;47412.636;28135.074;19277.562
2023-08-04 11:40:00;39574.060;28430.018;11144.042
2023-08-04 11:45:00;40342.402;28723.496;11618.906
2023-08-04 11:50:00;48166.392;29003.232;19163.160
2023-08-04 11:55:00;44635.170;29216.348;15418.822
2023-08-04 12:00:00;40049.646;29726.852;10322.794
2023-08-04 12:05:00;45244.750;30663.182;14581.568
2023-08-04 12:10:00;48412.306;31446.014;16966.292
2023-08-04 12:15:00;43144.362;32399.120;10745.242
2023-08-04 12:20:00;42922.890;33082.174;9840.716
2023-08-04 12:25:00;48406.350;33688.672;14717.678
2023-08-04 12:30:00;39697.906;34637.704;5060.202
2023-08-04 12:35:00;44900.078;35348.460;9551.618
2023-08-04 12:40:00;40040.014;35786.570;4253.444
2023-08-04 12:45:00;43437.884;36107.520;7330.364
2023-08-04 12:50:00;40091.440;36235.706;3855.734
2023-08-04 12:55:00;41542.576;35896.958;5645.618
2023-08-04 13:00:00;41962.568;35637.772;6324.796
2023-08-04 13:05:00;40095.192;35775.530;4319.662
2023-08-04 13:10:00;41573.384;35631.260;5942.124
2023-08-04 13:15:00;40169.834;35572.770;4597.064
2023-08-04 13:20:00;43184.166;35185.790;7998.376
2023-08-04 13:25:00;38827.476;35163.332;3664.144
2023-08-04 13:30:00;44579.090;34990.522;9588.568
2023-08-04 13:35:00;37370.954;34940.204;2430.750
2023-08-04 13:40:00;45513.008;34406.768;11106.240
2023-08-04 13:45:00;37819.858;33930.058;3889.800
2023-08-04 13:50:00;45306.604;34423.220;10883.384
2023-08-04 13:55:00;39444.252;34163.324;5280.928
2023-08-04 14:00:00;44821.144;33711.262;11109.882
2023-08-04 14:05:00;40537.414;33192.834;7344.580
2023-08-04 14:10:00;41345.024;32743.972;8601.052
2023-08-04 14:15:00;41504.748;32325.194;9179.554
2023-08-04 14:20:00;41674.496;31328.848;10345.648
2023-08-04 14:25:00;42589.090;30314.988;12274.102
2023-08-04 14:30:00;40149.260;29292.476;10856.784
2023-08-04 14:35:00;42418.410;29386.736;13031.674
2023-08-04 14:40:00;37977.508;28324.488;9653.020
2023-08-04 14:45:00;42836.226;27728.644;15107.582
2023-08-04 14:50:00;36519.014;26911.942;9607.072
2023-08-04 14:55:00;44747.302;26213.178;18534.124
2023-08-04 15:00:00;37213.086;25585.484;11627.602
2023-08-04 15:05:00;44726.698;24919.766;19806.932
2023-08-04 15:10:00;38976.842;24222.342;14754.500
2023-08-04 15:15:00;44561.894;23382.416;21179.478
2023-08-04 15:20:00;38491.660;22414.200;16077.460
2023-08-04 15:25:00;40503.250;21165.402;19337.848
2023-08-04 15:30:00;39204.328;20390.996;18813.332
2023-08-04 15:35:00;38727.870;19684.892;19042.978
2023-08-04 15:40:00;39957.004;18840.264;21116.740
2023-08-04 15:45:00;37425.094;18036.272;19388.822
2023-08-04 15:50:00;42437.248;16475.106;25962.142
2023-08-04 15:55:00;36170.576;15261.852;20908.724
2023-08-04 16:00:00;42627.300;14175.730;28451.570
2023-08-04 16:05:00;34127.852;13065.762;21062.090
2023-08-04 16:10:00;43307.706;12391.616;30916.090
2023-08-04 16:15:00;36347.884;11252.138;25095.746
2023-08-04 16:20:00;41798.580;9961.474;31837.106
2023-08-04 16:25:00;40272.520;9033.226;31239.294
2023-08-04 16:30:00;40777.312;7908.610;32868.702
2023-08-04 16:35:00;43888.548;6385.000;37503.548
2023-08-04 16:40:00;36485.440;5332.308;31153.132
2023-08-04 16:45:00;38934.110;4464.736;34469.374
2023-08-04 16:50:00;43447.256;3857.868;39589.388
2023-08-04 16:55:00;35179.200;3329.754;31849.446
2023-08-04 17:00:00;36938.746;2962.054;33976.692
2023-08-04 17:05:00;43581.590;1581.482;42000.108
2023-08-04 17:10:00;38725.606;1199.908;37525.698
2023-08-04 17:15:00;35377.752;1111.530;34266.222
2023-08-04 17:20:00;40121.148;950.060;39171.088
2023-08-04 17:25:00;43016.348;848.164;42168.184
2023-08-04 17:30:00;33346.192;756.002;32590.190
2023-08-04 17:35:00;34888.274;577.858;34310.416
2023-08-04 17:40:00;41814.502;464.110;41350.392
2023-08-04 17:45:00;37044.916;334.390;36710.526
2023-08-04 17:50:00;33572.414;205.186;33367.228
2023-08-04 17:55:00;38714.434;110.118;38604.316
2023-08-04 18:00:00;43677.510;42.102;43635.408
2023-08-04 18:05:00;34418.066;28.126;34389.940
2023-08-04 18:10:00;35062.956;0.000;35062.956
2023-08-04 18:15:00;42725.492;0.000;42725.492
2023-08-04 18:20:00;38786.304;0.000;38786.304
2023-08-04 18:25:00;34982.644;0.000;34982.644
2023-08-04 18:30:00;39163.832;0.000;39163.832
2023-08-04 18:35:00;44062.232;0.000;44062.232
2023-08-04 18:40:00;35212.046;0.000;35212.046
2023-08-04 18:45:00;34723.934;0.000;34723.934
2023-08-04 18:50:00;42497.014;0.000;42497.014
2023-08-04 18:55:00;40663.686;0.000;40663.686
2023-08-04 19:00:00;34781.696;0.000;34781.696
2023-08-04 19:05:00;37642.836;0.000;37642.836
2023-08-04 19:10:00;43416.380;0.000;43416.380
2023-08-04 19:15:00;36326.330;0.000;36326.330
2023-08-04 19:20:00;34779.978;0.000;34779.978
2023-08-04 19:25:00;41531.916;0.000;41531.916
2023-08-04 19:30:00;42566.890;0.000;42566.890
2023-08-04 19:35:00;35049.124;0.000;35049.124
2023-08-04 19:40:00;37301.140;0.000;37301.140
2023-08-04 19:45:00;44118.162;0.000;44118.162
2023-08-04 19:50:00;38976.730;0.000;38976.730
2023-08-04 19:55:00;36408.410;0.000;36408.410
2023-08-04 20:00:00;41276.732;0.000;41276.732
2023-08-04 20:05:00;43987.686;0.000;43987.686
2023-08-04 20:10:00;35347.760;0.000;35347.760
2023-08-04 20:15:00;35042.680;0.000;35042.680
2023-08-04 20:20:00;;;
2023-08-04 20:25:00;;;
2023-08-04 20:30:00;;;
2023-08-04 20:35:00;;;
2023-08-04 20:40:00;;;
2023-08-04 20:45:00;;;
2023-08-04 20:50:00;;;
2023-08-04 20:55:00;;;
2023-08-04 21:00:00;;;
2023-08-04 21:05:00;;;
2023-08-04 21:10:00;;;
2023-08-04 21:15:00;;;
2023-08-04 21:20:00;;;
2023-08-04 21:25:00;;;
2023-08-04 21:30:00;;;
2023-08-04 21:35:00;;;
2023-08-04 21:40:00;;;
2023-08-04 21:45:00;;;
2023-08-04 21:50:00;;;
2023-08-04 21:55:00;;;
2023-08-04 22:00:00;;;
2023-08-04 22:05:00;;;
2023-08-04 22:10:00;43179.852;0.000;43179.852
2023-08-04 22:15:00;47558.194;0.000;47558.194
2023-08-04 22:20:00;46679.204;0.000;46679.204
2023-08-04 22:25:00;39779.868;0.000;39779.868
2023-08-04 22:30:00;42293.528;0.000;42293.528
2023-08-04 22:35:00;42746.080;0.000;42746.080
2023-08-04 22:40:00;33647.400;0.000;33647.400
2023-08-04 22:45:00;34112.168;0.000;34112.168
2023-08-04 22:50:00;41292.652;0.000;41292.652
2023-08-04 22:55:00;36504.892;0.000;36504.892
2023-08-04 23:00:00;33096.448;0.000;33096.448
2023-08-04 23:05:00;37136.652;0.000;37136.652
2023-08-04 23:10:00;42068.364;0.000;42068.364
2023-08-04 23:15:00;33962.024;0.000;33962.024
2023-08-04 23:20:00;32790.136;0.000;32790.136
2023-08-04 23:25:00;41546.024;0.000;41546.024
2023-08-04 23:30:00;39559.382;0.000;39559.382
2023-08-04 23:35:00;34614.522;0.000;34614.522
2023-08-04 23:40:00;35281.856;0.000;35281.856
2023-08-04 23:45:00;42125.668;0.000;42125.668
2023-08-04 23:50:00;36719.980;0.000;36719.980
2023-08-04 23:55:00;33117.410;0.000;33117.410
2023-08-05 00:00:00;35464.398;0.000;35464.398
2023-08-05 00:05:00;41565.152;0.000;41565.152
2023-08-05 00:10:00;35128.590;0.000;35128.590
2023-08-05 00:15:00;34039.056;0.000;34039.056
2023-08-05 00:20:00;36914.644;0.000;36914.644
2023-08-05 00:25:00;41270.108;0.000;41270.108
2023-08-05 00:30:00;33288.836;0.000;33288.836
2023-08-05 00:35:00;33025.864;0.000;33025.864
2023-08-05 00:40:00;40434.556;0.000;40434.556
2023-08-05 00:45:00;33477.958;0.000;33477.958
2023-08-05 00:50:00;35755.290;0.000;35755.290
2023-08-05 00:55:00;39332.670;0.000;39332.670
2023-08-05 01:00:00;32877.404;0.000;32877.404
2023-08-05 01:05:00;39119.198;0.000;39119.198
2023-08-05 01:10:00;36667.020;0.000;36667.020
2023-08-05 01:15:00;35364.884;0.000;35364.884
2023-08-05 01:20:00;40844.298;0.000;40844.298
2023-08-05 01:25:00;33751.164;0.000;33751.164
2023-08-05 01:30:00;38655.672;0.000;38655.672
2023-08-05 01:35:00;38006.438;0.000;38006.438
2023-08-05 01:40:00;34127.232;0.000;34127.232
2023-08-05 01:45:00;41442.936;0.000;41442.936
2023-08-05 01:50:00;33956.352;0.000;33956.352
2023-08-05 01:55:00;35830.206;0.000;35830.206
2023-08-05 02:00:00;39185.632;0.000;39185.632
2023-08-05 02:05:00;33502.244;0.000;33502.244
2023-08-05 02:10:00;38320.463;0.000;38320.463
2023-08-05 02:15:00;;;
2023-08-05 02:20:00;;;
2023-08-05 02:25:00;;;
2023-08-05 02:30:00;;;
2023-08-05 02:35:00;;;
2023-08-05 02:40:00;;;
2023-08-05 02:45:00;;;
2023-08-05 02:50:00;;;
2023-08-05 02:55:00;;;
2023-08-05 03:00:00;;;
2023-08-05 03:05:00;;;
2023-08-05 03:10:00;;;
2023-08-05 03:15:00;;;
2023-08-05 03:20:00;;;
2023-08-05 03:25:00;;;
2023-08-05 03:30:00;;;
2023-08-05 03:35:00;;;
2023-08-05 03:40:00;;;
2023-08-05 03:45:00;;;
2023-08-05 03:50:00;;;
2023-08-05 03:55:00;;;
2023-08-05 04:00:00;;;
2023-08-05 04:05:00;;;
2023-08-05 04:10:00;43135.715;0.000;43135.715
2023-08-05 04:15:00;45455.064;0.000;45455.064
2023-08-05 04:20:00;50899.798;0.000;50899.798
2023-08-05 04:25:00;42271.862;0.000;42271.862
2023-08-05 04:30:00;39902.152;0.000;39902.152
2023-08-05 04:35:00;42986.542;0.000;42986.542
2023-08-05 04:40:00;33727.018;0.000;33727.018
2023-08-05 04:45:00;41314.786;0.000;41314.786
2023-08-05 04:50:00;33841.708;0.000;33841.708
2023-08-05 04:55:00;38358.330;0.000;38358.330
2023-08-05 05:00:00;36708.222;0.000;36708.222
2023-08-05 05:05:00;37150.060;0.000;37150.060
2023-08-05 05:10:00;38234.392;0.000;38234.392
2023-08-05 05:15:00;32715.690;0.000;32715.690
2023-08-05 05:20:00;39988.772;0.000;39988.772
2023-08-05 05:25:00;36109.184;0.000;36109.184
2023-08-05 05:30:00;34531.112;0.000;34531.112
2023-08-05 05:35:00;39728.980;0.000;39728.980
2023-08-05 05:40:00;32582.674;0.000;32582.674
2023-08-05 05:45:00;39866.044;0.000;39866.044
2023-08-05 05:50:00;34386.208;0.000;34386.208
2023-08-05 05:55:00;36707.170;0.000;36707.170
2023-08-05 06:00:00;38597.710;0.000;38597.710
2023-08-05 06:05:00;33017.374;0.000;33017.374
2023-08-05 06:10:00;39493.200;0.000;39493.200
2023-08-05 06:15:00;35756.470;0.000;35756.470
2023-08-05 06:20:00;37010.924;0.000;37010.924
2023-08-05 06:25:00;39620.652;0.000;39620.652
2023-08-05 06:30:00;33022.636;0.000;33022.636
2023-08-05 06:35:00;38941.492;0.000;38941.492
2023-08-05 06:40:00;38165.732;0.000;38165.732
2023-08-05 06:45:00;33070.784;0.000;33070.784
2023-08-05 06:50:00;41117.240;0.000;41117.240
2023-08-05 06:55:00;37061.786;0.000;37061.786
2023-08-05 07:00:00;33401.926;0.000;33401.926
2023-08-05 07:05:00;40559.446;0.000;40559.446
2023-08-05 07:10:00;34347.530;0.000;34347.530
2023-08-05 07:15:00;33529.868;0.000;33529.868
2023-08-05 07:20:00;40414.504;0.000;40414.504
2023-08-05 07:25:00;32946.222;0.000;32946.222
2023-08-05 07:30:00;44978.744;0.000;44978.744
2023-08-05 07:35:00;53570.720;0.000;53570.720
2023-08-05 07:40:00;45688.490;0.000;45688.490
2023-08-05 07:45:00;41452.206;60.312;41391.894
2023-08-05 07:50:00;37831.606;248.222;37583.384
2023-08-05 07:55:00;30852.752;444.134;30408.618
2023-08-05 08:00:00;36317.672;663.030;35654.642
2023-08-05 08:05:00;37341.672;741.340;36600.332
2023-08-05 08:10:00;30879.474;1039.092;29840.382
2023-08-05 08:15:00;36625.724;1411.952;35213.772
2023-08-05 08:20:00;35689.110;1855.564;33833.546
2023-08-05 08:25:00;31138.702;3171.982;27966.720
2023-08-05 08:30:00;38484.040;5367.820;33116.220
2023-08-05 08:35:00;34723.706;4840.176;29883.530
2023-08-05 08:40:00;31521.388;4195.156;27326.232
2023-08-05 08:45:00;40619.792;4318.846;36300.946
2023-08-05 08:50:00;33647.376;5949.638;27697.738
2023-08-05 08:55:00;33925.750;7419.200;26506.550
2023-08-05 09:00:00;40336.870;7202.020;33134.850
2023-08-05 09:05:00;34022.568;6070.718;27951.850
2023-08-05 09:10:00;33610.564;6109.288;27501.276
2023-08-05 09:15:00;39998.544;7437.998;32560.546
2023-08-05 09:20:00;36081.596;7504.324;28577.272
2023-08-05 09:25:00;31249.336;10299.552;20949.784
2023-08-05 09:30:00;33796.646;12221.952;21574.694
2023-08-05 09:35:00;39919.156;12775.424;27143.732
2023-08-05 09:40:00;35268.664;17957.892;17310.772
2023-08-05 09:45:00;31815.102;12643.778;19171.324
2023-08-05 09:50:00;33318.190;13385.976;19932.214
2023-08-05 09:55:00;39837.264;11672.916;28164.348
2023-08-05 10:00:00;35193.474;11258.514;23934.960
2023-08-05 10:05:00;31001.364;9189.724;21811.640
2023-08-05 10:10:00;33140.132;7432.586;25707.546
2023-08-05 10:15:00;39760.654;8728.060;31032.594
2023-08-05 10:20:00;34466.182;10916.778;23549.404
2023-08-05 10:25:00;32376.330;12572.470;19803.860
2023-08-05 10:30:00;34913.118;11890.626;23022.492
2023-08-05 10:35:00;41109.344;9899.656;31209.688
2023-08-05 10:40:00;35125.144;13161.078;21964.066
2023-08-05 10:45:00;33472.970;17882.580;15590.390
2023-08-05 10:50:00;35979.728;14608.998;21370.730
2023-08-05 10:55:00;40249.426;15082.028;25167.398
2023-08-05 11:00:00;34461.698;13848.420;20613.278
2023-08-05 11:05:00;32062.534;23699.282;8363.252
2023-08-05 11:10:00;35290.856;26819.286;8471.570
2023-08-05 11:15:00;40592.172;19464.666;21127.506
2023-08-05 11:20:00;35021.232;18266.444;16754.788
2023-08-05 11:25:00;32452.600;25566.286;6886.314
2023-08-05 11:30:00;35102.632;28402.050;6700.582
2023-08-05 11:35:00;40504.626;27666.656;12837.970
2023-08-05 11:40:00;34045.636;27946.666;6098.970
2023-08-05 11:45:00;31768.066;27807.052;3961.014
2023-08-05 11:50:00;34638.170;27338.388;7299.782
2023-08-05 11:55:00;40204.518;26394.758;13809.760
2023-08-05 12:00:00;33631.432;26487.908;7143.524
2023-08-05 12:05:00;33034.214;28509.802;4524.412
2023-08-05 12:10:00;35814.936;29943.932;5871.004
2023-08-05 12:15:00;40243.020;30480.058;9762.962
2023-08-05 12:20:00;32857.780;30856.420;2001.360
2023-08-05 12:25:00;32032.766;30998.760;1034.006
2023-08-05 12:30:00;36215.776;32930.242;3285.534
2023-08-05 12:35:00;40183.364;33320.468;6862.896
2023-08-05 12:40:00;33777.474;35008.748;-1231.274
2023-08-05 12:45:00;32493.388;34378.886;-1885.498
2023-08-05 12:50:00;35918.298;34264.032;1654.266
2023-08-05 12:55:00;41242.926;31185.424;10057.502
2023-08-05 13:00:00;33433.842;33281.114;152.728
2023-08-05 13:05:00;32671.490;32373.452;298.038
2023-08-05 13:10:00;36079.234;34881.502;1197.732
2023-08-05 13:15:00;40786.506;35748.034;5038.472
2023-08-05 13:20:00;34327.448;35333.948;-1006.500
2023-08-05 13:25:00;32895.084;34199.466;-1304.382
2023-08-05 13:30:00;35661.308;34435.716;1225.592
2023-08-05 13:35:00;40764.300;34797.690;5966.610
2023-08-05 13:40:00;34391.122;34317.824;73.298
2023-08-05 13:45:00;32219.140;33832.912;-1613.772
2023-08-05 13:50:00;34259.362;34153.342;106.020
2023-08-05 13:55:00;40640.966;33995.502;6645.464
2023-08-05 14:00:00;35331.578;33478.410;1853.168
2023-08-05 14:05:00;28841.356;32803.654;-3962.298
2023-08-05 14:10:00;31372.376;32077.372;-704.996
2023-08-05 14:15:00;37159.372;31882.846;5276.526
2023-08-05 14:20:00;33359.728;31286.478;2073.250
2023-08-05 14:25:00;29675.142;30215.256;-540.114
2023-08-05 14:30:00;30379.926;29074.766;1305.160
2023-08-05 14:35:00;38282.310;29648.900;8633.410
2023-08-05 14:40:00;28316.722;28844.704;-527.982
2023-08-05 14:45:00;31215.066;27976.780;3238.286
2023-08-05 14:50:00;35072.786;26918.262;8154.524
2023-08-05 14:55:00;28478.678;24350.436;4128.242
2023-08-05 15:00:00;32780.478;26598.750;6181.728
2023-08-05 15:05:00;32658.684;24510.184;8148.500
2023-08-05 15:10:00;28416.318;22180.448;6235.870
2023-08-05 15:15:00;35380.528;20918.528;14462.000
2023-08-05 15:20:00;32179.904;17712.990;14466.914
2023-08-05 15:25:00;29126.812;13543.930;15582.882
2023-08-05 15:30:00;36940.768;18232.600;18708.168
2023-08-05 15:35:00;30706.026;17014.482;13691.544
2023-08-05 15:40:00;31734.592;18765.244;12969.348
2023-08-05 15:45:00;37269.730;16824.038;20445.692
2023-08-05 15:50:00;30164.272;17171.582;12992.690
2023-08-05 15:55:00;33293.938;14527.108;18766.830
2023-08-05 16:00:00;36569.744;12787.412;23782.332
2023-08-05 16:05:00;31202.086;14234.542;16967.544
2023-08-05 16:10:00;37277.116;12412.490;24864.626
2023-08-05 16:15:00;36982.186;12523.382;24458.804
2023-08-05 16:20:00;32552.644;10303.296;22249.348
2023-08-05 16:25:00;39027.722;10517.954;28509.768
2023-08-05 16:30:00;35423.820;8294.394;27129.426
2023-08-05 16:35:00;33068.734;6586.416;26482.318
2023-08-05 16:40:00;40178.206;6140.218;34037.988
2023-08-05 16:45:00;34095.100;5184.724;28910.376
2023-08-05 16:50:00;32718.932;4005.694;28713.238
2023-08-05 16:55:00;40678.184;4017.408;36660.776
2023-08-05 17:00:00;32890.024;3504.328;29385.696
2023-08-05 17:05:00;34187.380;2057.578;32129.802
2023-08-05 17:10:00;39451.314;1363.326;38087.988
2023-08-05 17:15:00;32206.646;1189.732;31016.914
2023-08-05 17:20:00;34909.682;1122.720;33786.962
2023-08-05 17:25:00;38299.586;1050.102;37249.484
2023-08-05 17:30:00;32004.956;1081.162;30923.794
2023-08-05 17:35:00;37125.984;991.290;36134.694
2023-08-05 17:40:00;36964.618;854.706;36109.912
2023-08-05 17:45:00;32077.410;583.260;31494.150
2023-08-05 17:50:00;38297.456;449.254;37848.202
2023-08-05 17:55:00;36420.492;246.304;36174.188
2023-08-05 18:00:00;33906.812;80.670;33826.142
2023-08-05 18:05:00;40149.832;27.662;40122.170
2023-08-05 18:10:00;35302.748;0.000;35302.748
2023-08-05 18:15:00;33287.296;0.000;33287.296
2023-08-05 18:20:00;41709.382;0.000;41709.382
2023-08-05 18:25:00;35020.644;0.000;35020.644
2023-08-05 18:30:00;35694.288;0.000;35694.288
2023-08-05 18:35:00;42736.528;0.000;42736.528
2023-08-05 18:40:00;34719.986;0.000;34719.986
2023-08-05 18:45:00;35450.030;0.000;35450.030
2023-08-05 18:50:00;40799.894;0.000;40799.894
2023-08-05 18:55:00;33492.596;0.000;33492.596
2023-08-05 19:00:00;36047.234;0.000;36047.234
2023-08-05 19:05:00;39245.352;0.000;39245.352
2023-08-05 19:10:00;33145.492;0.000;33145.492
2023-08-05 19:15:00;37559.814;0.000;37559.814
2023-08-05 19:20:00;39028.148;0.000;39028.148
2023-08-05 19:25:00;33280.066;0.000;33280.066
2023-08-05 19:30:00;38235.448;0.000;38235.448
2023-08-05 19:35:00;36166.914;0.000;36166.914
2023-08-05 19:40:00;32465.534;0.000;32465.534
2023-08-05 19:45:00;38149.930;0.000;38149.930
2023-08-05 19:50:00;38483.236;0.000;38483.236
2023-08-05 19:55:00;32750.854;0.000;32750.854
2023-08-05 20:00:00;33037.646;0.000;33037.646
2023-08-05 20:05:00;39236.878;0.000;39236.878
2023-08-05 20:10:00;39053.692;0.000;39053.692
2023-08-05 20:15:00;32854.644;0.000;32854.644
2023-08-05 20:20:00;33214.594;0.000;33214.594
2023-08-05 20:25:00;39107.462;0.000;39107.462
2023-08-05 20:30:00;40388.668;0.000;40388.668
2023-08-05 20:35:00;33816.306;0.000;33816.306
2023-08-05 20:40:00;32751.460;0.000;32751.460
2023-08-05 20:45:00;38126.580;0.000;38126.580
2023-08-05 20:50:00;41327.548;0.000;41327.548
2023-08-05 20:55:00;33043.676;0.000;33043.676
2023-08-05 21:00:00;33664.106;0.000;33664.106
2023-08-05 21:05:00;37254.086;0.000;37254.086
2023-08-05 21:10:00;41925.408;0.000;41925.408
2023-08-05 21:15:00;34417.604;0.000;34417.604
2023-08-05 21:20:00;33335.726;0.000;33335.726
2023-08-05 21:25:00;35052.406;0.000;35052.406
2023-08-05 21:30:00;42005.182;0.000;42005.182
2023-08-05 21:35:00;36331.518;0.000;36331.518
2023-08-05 21:40:00;33351.952;0.000;33351.952
2023-08-05 21:45:00;33217.486;0.000;33217.486
2023-08-05 21:50:00;41081.204;0.000;41081.204
2023-08-05 21:55:00;38221.812;0.000;38221.812
2023-08-05 22:00:00;32681.082;0.000;32681.082
2023-08-05 22:05:00;32163.948;0.000;32163.948
2023-08-05 22:10:00;38203.370;0.000;38203.370
2023-08-05 22:15:00;39625.448;0.000;39625.448
2023-08-05 22:20:00;32278.932;0.000;32278.932
2023-08-05 22:25:00;31931.044;0.000;31931.044
2023-08-05 22:30:00;36555.220;0.000;36555.220
2023-08-05 22:35:00;41331.594;0.000;41331.594
2023-08-05 22:40:00;33873.598;0.000;33873.598
2023-08-05 22:45:00;33295.814;0.000;33295.814
2023-08-05 22:50:00;33725.374;0.000;33725.374
2023-08-05 22:55:00;41491.422;0.000;41491.422
2023-08-05 23:00:00;35777.704;0.000;35777.704
2023-08-05 23:05:00;32127.790;0.000;32127.790
2023-08-05 23:10:00;32972.914;0.000;32972.914
2023-08-05 23:15:00;42114.956;0.000;42114.956
2023-08-05 23:20:00;39704.756;0.000;39704.756
2023-08-05 23:25:00;34204.524;0.000;34204.524
2023-08-05 23:30:00;33498.242;0.000;33498.242
2023-08-05 23:35:00;40227.702;0.000;40227.702
2023-08-05 23:40:00;40205.270;0.000;40205.270
2023-08-05 23:45:00;32421.010;0.000;32421.010
2023-08-05 23:50:00;31816.074;0.000;31816.074
2023-08-05 23:55:00;34872.290;0.000;34872.290
2023-08-06 00:00:00;41372.762;0.000;41372.762
2023-08-06 00:05:00;34202.486;0.000;34202.486
2023-08-06 00:10:00;33155.328;0.000;33155.328
2023-08-06 00:15:00;32867.888;0.000;32867.888
2023-08-06 00:20:00;40912.112;0.000;40912.112
2023-08-06 00:25:00;36908.704;0.000;36908.704
2023-08-06 00:30:00;32418.848;0.000;32418.848
2023-08-06 00:35:00;31998.036;0.000;31998.036
2023-08-06 00:40:00;38495.712;0.000;38495.712
2023-08-06 00:45:00;40440.664;0.000;40440.664
2023-08-06 00:50:00;32632.104;0.000;32632.104
2023-08-06 00:55:00;32511.542;0.000;32511.542
2023-08-06 01:00:00;35360.544;0.000;35360.544
2023-08-06 01:05:00;41817.724;0.000;41817.724
2023-08-06 01:10:00;35376.398;0.000;35376.398
2023-08-06 01:15:00;32775.742;0.000;32775.742
2023-08-06 01:20:00;33186.910;0.000;33186.910
2023-08-06 01:25:00;41163.684;0.000;41163.684
2023-08-06 01:30:00;33432.346;0.000;33432.346
2023-08-06 01:35:00;32622.328;0.000;32622.328
2023-08-06 01:40:00;40665.536;0.000;40665.536
2023-08-06 01:45:00;32417.826;0.000;32417.826
2023-08-06 01:50:00;33847.440;0.000;33847.440
2023-08-06 01:55:00;39119.432;0.000;39119.432
2023-08-06 02:00:00;32300.588;0.000;32300.588
2023-08-06 02:05:00;34580.220;0.000;34580.220
2023-08-06 02:10:00;40813.293;0.000;40813.293
2023-08-06 02:15:00;;;
2023-08-06 02:20:00;;;
2023-08-06 02:25:00;;;
2023-08-06 02:30:00;;;
2023-08-06 02:35:00;;;
2023-08-06 02:40:00;;;
2023-08-06 02:45:00;;;
2023-08-06 02:50:00;;;
2023-08-06 02:55:00;;;
2023-08-06 03:00:00;;;
2023-08-06 03:05:00;;;
2023-08-06 03:10:00;;;
2023-08-06 03:15:00;;;
2023-08-06 03:20:00;;;
2023-08-06 03:25:00;;;
2023-08-06 03:30:00;;;
2023-08-06 03:35:00;;;
2023-08-06 03:40:00;;;
2023-08-06 03:45:00;;;
2023-08-06 03:50:00;;;
2023-08-06 03:55:00;;;
2023-08-06 04:00:00;;;
2023-08-06 04:05:00;;;
2023-08-06 04:10:00;42668.962;0.000;42668.962
2023-08-06 04:15:00;45429.818;0.000;45429.818
2023-08-06 04:20:00;51249.638;0.000;51249.638
2023-08-06 04:25:00;46091.710;0.000;46091.710
2023-08-06 04:30:00;45306.852;0.000;45306.852
2023-08-06 04:35:00;43508.104;0.000;43508.104
2023-08-06 04:40:00;35995.680;0.000;35995.680
2023-08-06 04:45:00;42746.446;0.000;42746.446
2023-08-06 04:50:00;40476.942;0.000;40476.942
2023-08-06 04:55:00;38073.664;0.000;38073.664
2023-08-06 05:00:00;43263.010;0.000;43263.010
2023-08-06 05:05:00;37285.534;0.000;37285.534
2023-08-06 05:10:00;41777.720;0.000;41777.720
2023-08-06 05:15:00;41185.676;0.000;41185.676
2023-08-06 05:20:00;37254.840;0.000;37254.840
2023-08-06 05:25:00;42381.680;0.000;42381.680
2023-08-06 05:30:00;35993.474;0.000;35993.474
2023-08-06 05:35:00;40987.560;0.000;40987.560
2023-08-06 05:40:00;40727.704;0.000;40727.704
2023-08-06 05:45:00;36705.648;0.000;36705.648
2023-08-06 05:50:00;42023.316;0.000;42023.316
2023-08-06 05:55:00;35811.486;0.000;35811.486
2023-08-06 06:00:00;41383.370;0.000;41383.370
2023-08-06 06:05:00;40321.958;0.000;40321.958
2023-08-06 06:10:00;38686.152;0.000;38686.152
2023-08-06 06:15:00;43594.194;0.000;43594.194
2023-08-06 06:20:00;36975.368;0.000;36975.368
2023-08-06 06:25:00;42668.574;0.000;42668.574
2023-08-06 06:30:00;39872.914;0.000;39872.914
2023-08-06 06:35:00;38459.104;0.000;38459.104
2023-08-06 06:40:00;43443.300;0.000;43443.300
2023-08-06 06:45:00;35116.134;0.000;35116.134
2023-08-06 06:50:00;42989.612;0.000;42989.612
2023-08-06 06:55:00;38913.186;0.000;38913.186
2023-08-06 07:00:00;38080.090;0.000;38080.090
2023-08-06 07:05:00;41074.358;0.000;41074.358
2023-08-06 07:10:00;34261.990;0.000;34261.990
2023-08-06 07:15:00;39358.030;0.000;39358.030
2023-08-06 07:20:00;38416.620;0.000;38416.620
2023-08-06 07:25:00;34925.280;0.000;34925.280
2023-08-06 07:30:00;40939.580;0.000;40939.580
2023-08-06 07:35:00;35350.978;0.000;35350.978
2023-08-06 07:40:00;36479.792;0.000;36479.792
2023-08-06 07:45:00;40082.254;43.236;40039.018
2023-08-06 07:50:00;38905.620;133.290;38772.330
2023-08-06 07:55:00;33074.966;314.328;32760.638
2023-08-06 08:00:00;42519.950;459.474;42060.476
2023-08-06 08:05:00;41601.738;470.538;41131.200
2023-08-06 08:10:00;40821.742;685.608;40136.134
2023-08-06 08:15:00;34175.730;755.940;33419.790
2023-08-06 08:20:00;39232.640;953.300;38279.340
2023-08-06 08:25:00;44096.836;1127.256;42969.580
2023-08-06 08:30:00;44853.934;912.654;43941.280
2023-08-06 08:35:00;37146.082;1388.876;35757.206
2023-08-06 08:40:00;37067.318;1738.168;35329.150
2023-08-06 08:45:00;41802.190;1748.522;40053.668
2023-08-06 08:50:00;42083.964;1674.246;40409.718
2023-08-06 08:55:00;36974.846;1676.666;35298.180
2023-08-06 09:00:00;34654.738;1866.466;32788.272
2023-08-06 09:05:00;41938.654;2536.746;39401.908
2023-08-06 09:10:00;43063.562;2601.342;40462.220
2023-08-06 09:15:00;41466.864;3163.686;38303.178
2023-08-06 09:20:00;35225.286;2988.186;32237.100
2023-08-06 09:25:00;39939.830;5817.302;34122.528
2023-08-06 09:30:00;43292.638;10933.978;32358.660
2023-08-06 09:35:00;41835.614;8024.288;33811.326
2023-08-06 09:40:00;35618.826;4893.572;30725.254
2023-08-06 09:45:00;42304.970;4293.026;38011.944
2023-08-06 09:50:00;44653.154;5359.248;39293.906
2023-08-06 09:55:00;43152.746;5684.956;37467.790
2023-08-06 10:00:00;36624.884;4096.708;32528.176
2023-08-06 10:05:00;42637.474;3688.716;38948.758
2023-08-06 10:10:00;46721.552;4569.678;42151.874
2023-08-06 10:15:00;42620.240;6984.920;35635.320
2023-08-06 10:20:00;37558.990;10303.016;27255.974
2023-08-06 10:25:00;41662.516;13799.254;27863.262
2023-08-06 10:30:00;45119.606;8907.398;36212.208
2023-08-06 10:35:00;41111.280;8520.892;32590.388
2023-08-06 10:40:00;36953.970;14854.584;22099.386
2023-08-06 10:45:00;43827.946;9067.234;34760.712
2023-08-06 10:50:00;44821.890;13195.472;31626.418
2023-08-06 10:55:00;43032.362;18806.874;24225.488
2023-08-06 11:00:00;37975.778;26122.352;11853.426
2023-08-06 11:05:00;44015.386;26572.472;17442.914
2023-08-06 11:10:00;44964.640;27036.108;17928.532
2023-08-06 11:15:00;40757.148;24436.074;16321.074
2023-08-06 11:20:00;42471.850;24387.066;18084.784
2023-08-06 11:25:00;47903.000;28343.224;19559.776
2023-08-06 11:30:00;41655.050;28312.872;13342.178
2023-08-06 11:35:00;45432.416;28561.674;16870.742
2023-08-06 11:40:00;45152.232;29228.830;15923.402
2023-08-06 11:45:00;40544.914;29680.300;10864.614
2023-08-06 11:50:00;46852.542;30149.124;16703.418
2023-08-06 11:55:00;42085.484;30977.170;11108.314
2023-08-06 12:00:00;45244.022;31593.708;13650.314
2023-08-06 12:05:00;47145.162;32712.710;14432.452
2023-08-06 12:10:00;38586.954;33503.210;5083.744
2023-08-06 12:15:00;46353.028;34150.178;12202.850
2023-08-06 12:20:00;42008.648;34344.758;7663.890
2023-08-06 12:25:00;42165.160;35178.564;6986.596
2023-08-06 12:30:00;45094.854;35597.480;9497.374
2023-08-06 12:35:00;37875.822;35811.068;2064.754
2023-08-06 12:40:00;45569.344;35914.246;9655.098
2023-08-06 12:45:00;43032.402;36023.974;7008.428
2023-08-06 12:50:00;40958.708;36367.634;4591.074
2023-08-06 12:55:00;44994.310;35589.032;9405.278
2023-08-06 13:00:00;39535.220;37056.344;2478.876
2023-08-06 13:05:00;43102.806;38158.822;4943.984
2023-08-06 13:10:00;45303.156;25850.468;19452.688
2023-08-06 13:15:00;38208.290;15783.472;22424.818
2023-08-06 13:20:00;45709.902;30002.470;15707.432
2023-08-06 13:25:00;43097.042;30932.068;12164.974
2023-08-06 13:30:00;42356.868;13989.256;28367.612
2023-08-06 13:35:00;46786.092;4540.242;42245.850
2023-08-06 13:40:00;40338.186;4349.344;35988.842
2023-08-06 13:45:00;46625.154;4868.622;41756.532
2023-08-06 13:50:00;45156.616;5372.552;39784.064
2023-08-06 13:55:00;42355.856;9268.386;33087.470
2023-08-06 14:00:00;49897.586;9182.792;40714.794
2023-08-06 14:05:00;39847.458;28108.246;11739.212
2023-08-06 14:10:00;39745.240;33563.708;6181.532
2023-08-06 14:15:00;42154.840;32774.762;9380.078
2023-08-06 14:20:00;35705.470;32151.832;3553.638
2023-08-06 14:25:00;40961.766;30997.168;9964.598
2023-08-06 14:30:00;40971.576;29680.762;11290.814
2023-08-06 14:35:00;36958.016;30158.388;6799.628
2023-08-06 14:40:00;34710.708;29416.016;5294.692
2023-08-06 14:45:00;41737.640;28935.830;12801.810
2023-08-06 14:50:00;40446.022;28212.010;12234.012
2023-08-06 14:55:00;41321.146;27620.162;13700.984
2023-08-06 15:00:00;35949.794;27079.122;8870.672
2023-08-06 15:05:00;31507.392;26705.104;4802.288
2023-08-06 15:10:00;39861.896;23906.158;15955.738
2023-08-06 15:15:00;40876.180;22903.730;17972.450
2023-08-06 15:20:00;41402.354;9125.674;32276.680
2023-08-06 15:25:00;42246.576;10231.326;32015.250
2023-08-06 15:30:00;34093.602;12602.636;21490.966
2023-08-06 15:35:00;35643.920;12644.646;22999.274
2023-08-06 15:40:00;41130.688;10800.320;30330.368
2023-08-06 15:45:00;41384.568;14197.150;27187.418
2023-08-06 15:50:00;41837.708;11843.214;29994.494
2023-08-06 15:55:00;34379.892;10083.872;24296.020
2023-08-06 16:00:00;32324.430;12103.418;20221.012
2023-08-06 16:05:00;40577.284;15470.194;25107.090
2023-08-06 16:10:00;43830.656;14288.400;29542.256
2023-08-06 16:15:00;43968.236;13272.486;30695.750
2023-08-06 16:20:00;38802.310;10508.930;28293.380
2023-08-06 16:25:00;35912.458;10135.454;25777.004
2023-08-06 16:30:00;41940.824;8741.030;33199.794
2023-08-06 16:35:00;42941.896;7219.038;35722.858
2023-08-06 16:40:00;42940.594;6029.964;36910.630
2023-08-06 16:45:00;39041.452;4932.836;34108.616
2023-08-06 16:50:00;33582.598;4108.986;29473.612
2023-08-06 16:55:00;40685.566;3521.158;37164.408
2023-08-06 17:00:00;42264.564;3006.358;39258.206
2023-08-06 17:05:00;42586.892;1390.424;41196.468
2023-08-06 17:10:00;39010.528;749.334;38261.194
2023-08-06 17:15:00;32497.966;690.188;31807.778
2023-08-06 17:20:00;39095.426;599.312;38496.114
2023-08-06 17:25:00;38934.438;527.528;38406.910
2023-08-06 17:30:00;34602.190;433.108;34169.082
2023-08-06 17:35:00;40866.068;312.156;40553.912
2023-08-06 17:40:00;35335.410;213.260;35122.150
2023-08-06 17:45:00;37597.318;104.412;37492.906
2023-08-06 17:50:00;40061.336;112.746;39948.590
2023-08-06 17:55:00;33795.236;79.292;33715.944
2023-08-06 18:00:00;41253.542;52.892;41200.650
2023-08-06 18:05:00;37008.714;18.620;36990.094
2023-08-06 18:10:00;;;
2023-08-06 18:15:00;;;
2023-08-06 18:20:00;;;
2023-08-06 18:25:00;;;
2023-08-06 18:30:00;;;
2023-08-06 18:35:00;;;
2023-08-06 18:40:00;;;
2023-08-06 18:45:00;;;
2023-08-06 18:50:00;;;
2023-08-06 18:55:00;;;
2023-08-06 19:00:00;;;
2023-08-06 19:05:00;;;
2023-08-06 19:10:00;;;
2023-08-06 19:15:00;;;
2023-08-06 19:20:00;;;
2023-08-06 19:25:00;;;
2023-08-06 19:30:00;;;
2023-08-06 19:35:00;;;
2023-08-06 19:40:00;;;
2023-08-06 19:45:00;;;
2023-08-06 19:50:00;;;
2023-08-06 19:55:00;;;
2023-08-06 20:00:00;;;
2023-08-06 20:05:00;;;
2023-08-06 20:10:00;42974.072;0.000;42974.072
2023-08-06 20:15:00;50632.904;0.000;50632.904
2023-08-06 20:20:00;50467.132;0.000;50467.132
2023-08-06 20:25:00;43395.400;0.000;43395.400
2023-08-06 20:30:00;45903.730;0.000;45903.730
2023-08-06 20:35:00;40429.602;0.000;40429.602
2023-08-06 20:40:00;37366.040;0.000;37366.040
2023-08-06 20:45:00;42309.600;0.000;42309.600
2023-08-06 20:50:00;37166.842;0.000;37166.842
2023-08-06 20:55:00;41949.836;0.000;41949.836
2023-08-06 21:00:00;41809.368;0.000;41809.368
2023-08-06 21:05:00;35749.640;0.000;35749.640
2023-08-06 21:10:00;42688.446;0.000;42688.446
2023-08-06 21:15:00;40255.082;0.000;40255.082
2023-08-06 21:20:00;39893.114;0.000;39893.114
2023-08-06 21:25:00;44083.822;0.000;44083.822
2023-08-06 21:30:00;36153.382;0.000;36153.382
2023-08-06 21:35:00;42806.772;0.000;42806.772
2023-08-06 21:40:00;40756.024;0.000;40756.024
2023-08-06 21:45:00;36202.340;0.000;36202.340
2023-08-06 21:50:00;41154.394;0.000;41154.394
2023-08-06 21:55:00;36126.492;0.000;36126.492
2023-08-06 22:00:00;40150.118;0.000;40150.118
2023-08-06 22:05:00;41248.108;0.000;41248.108
2023-08-06 22:10:00;33518.236;0.000;33518.236
2023-08-06 22:15:00;41444.806;0.000;41444.806
2023-08-06 22:20:00;38384.482;0.000;38384.482
2023-08-06 22:25:00;39110.420;0.000;39110.420
2023-08-06 22:30:00;41628.712;0.000;41628.712
2023-08-06 22:35:00;34641.508;0.000;34641.508
2023-08-06 22:40:00;41787.104;0.000;41787.104
2023-08-06 22:45:00;39161.658;0.000;39161.658
2023-08-06 22:50:00;36229.978;0.000;36229.978
2023-08-06 22:55:00;41941.464;0.000;41941.464
2023-08-06 23:00:00;34474.070;0.000;34474.070
2023-08-06 23:05:00;40639.718;0.000;40639.718
2023-08-06 23:10:00;39084.620;0.000;39084.620
2023-08-06 23:15:00;36512.600;0.000;36512.600
2023-08-06 23:20:00;42422.390;0.000;42422.390
2023-08-06 23:25:00;42163.666;0.000;42163.666
2023-08-06 23:30:00;54944.942;0.000;54944.942
2023-08-06 23:35:00;57342.712;0.000;57342.712
2023-08-06 23:40:00;46741.274;0.000;46741.274
2023-08-06 23:45:00;33173.398;0.000;33173.398
2023-08-06 23:50:00;40510.882;0.000;40510.882
2023-08-06 23:55:00;41863.512;0.000;41863.512
2023-08-07 00:00:00;42207.094;0.000;42207.094
2023-08-07 00:05:00;36223.730;0.000;36223.730
2023-08-07 00:10:00;33927.106;0.000;33927.106
2023-08-07 00:15:00;40824.920;0.000;40824.920
2023-08-07 00:20:00;42048.762;0.000;42048.762
2023-08-07 00:25:00;42548.954;0.000;42548.954
2023-08-07 00:30:00;36967.006;0.000;36967.006
2023-08-07 00:35:00;34003.588;0.000;34003.588
2023-08-07 00:40:00;41335.584;0.000;41335.584
2023-08-07 00:45:00;41742.734;0.000;41742.734
2023-08-07 00:50:00;43059.948;0.000;43059.948
2023-08-07 00:55:00;36696.660;0.000;36696.660
2023-08-07 01:00:00;33727.190;0.000;33727.190
2023-08-07 01:05:00;41061.940;0.000;41061.940
2023-08-07 01:10:00;43443.448;0.000;43443.448
2023-08-07 01:15:00;43102.582;0.000;43102.582
2023-08-07 01:20:00;33762.730;0.000;33762.730
2023-08-07 01:25:00;36467.124;0.000;36467.124
2023-08-07 01:30:00;40922.292;0.000;40922.292
2023-08-07 01:35:00;41811.306;0.000;41811.306
2023-08-07 01:40:00;39048.788;0.000;39048.788
2023-08-07 01:45:00;33433.874;0.000;33433.874
2023-08-07 01:50:00;39938.970;0.000;39938.970
2023-08-07 01:55:00;41217.202;0.000;41217.202
2023-08-07 02:00:00;42126.072;0.000;42126.072
2023-08-07 02:05:00;35638.518;0.000;35638.518
2023-08-07 02:10:00;34252.780;0.000;34252.780
2023-08-07 02:15:00;40401.136;0.000;40401.136
2023-08-07 02:20:00;41501.382;0.000;41501.382
2023-08-07 02:25:00;41605.438;0.000;41605.438
2023-08-07 02:30:00;36052.394;0.000;36052.394
2023-08-07 02:35:00;38046.340;0.000;38046.340
2023-08-07 02:40:00;41894.948;0.000;41894.948
2023-08-07 02:45:00;42589.986;0.000;42589.986
2023-08-07 02:50:00;37402.774;0.000;37402.774
2023-08-07 02:55:00;33854.738;0.000;33854.738
2023-08-07 03:00:00;40276.584;0.000;40276.584
2023-08-07 03:05:00;38533.620;0.000;38533.620
2023-08-07 03:10:00;35745.034;0.000;35745.034
2023-08-07 03:15:00;41088.276;0.000;41088.276
2023-08-07 03:20:00;33923.868;0.000;33923.868
2023-08-07 03:25:00;37116.016;0.000;37116.016
2023-08-07 03:30:00;38267.698;0.000;38267.698
2023-08-07 03:35:00;34237.010;0.000;34237.010
2023-08-07 03:40:00;41113.734;0.000;41113.734
2023-08-07 03:45:00;34586.434;0.000;34586.434
2023-08-07 03:50:00;39806.610;0.000;39806.610
2023-08-07 03:55:00;38514.530;0.000;38514.530
2023-08-07 04:00:00;36854.568;0.000;36854.568
2023-08-07 04:05:00;40903.234;0.000;40903.234
2023-08-07 04:10:00;34817.888;0.000;34817.888
2023-08-07 04:15:00;40057.956;0.000;40057.956
2023-08-07 04:20:00;38941.026;0.000;38941.026
2023-08-07 04:25:00;36688.272;0.000;36688.272
2023-08-07 04:30:00;42683.254;0.000;42683.254
2023-08-07 04:35:00;34716.270;0.000;34716.270
2023-08-07 04:40:00;41286.102;0.000;41286.102
2023-08-07 04:45:00;38316.390;0.000;38316.390
2023-08-07 04:50:00;36267.484;0.000;36267.484
2023-08-07 04:55:00;41912.128;0.000;41912.128
2023-08-07 05:00:00;34133.808;0.000;34133.808
2023-08-07 05:05:00;38982.778;0.000;38982.778
2023-08-07 05:10:00;39457.628;0.000;39457.628
2023-08-07 05:15:00;34306.914;0.000;34306.914
2023-08-07 05:20:00;41047.276;0.000;41047.276
2023-08-07 05:25:00;35382.148;0.000;35382.148
2023-08-07 05:30:00;37498.042;0.000;37498.042
2023-08-07 05:35:00;39869.248;0.000;39869.248
2023-08-07 05:40:00;32473.974;0.000;32473.974
2023-08-07 05:45:00;40820.820;0.000;40820.820
2023-08-07 05:50:00;35558.032;0.000;35558.032
2023-08-07 05:55:00;36765.030;0.000;36765.030
2023-08-07 06:00:00;39643.230;0.000;39643.230
2023-08-07 06:05:00;32533.952;0.000;32533.952
2023-08-07 06:10:00;40530.826;0.000;40530.826
2023-08-07 06:15:00;36145.612;0.000;36145.612
2023-08-07 06:20:00;36229.766;0.000;36229.766
2023-08-07 06:25:00;40207.568;0.000;40207.568
2023-08-07 06:30:00;32096.766;0.000;32096.766
2023-08-07 06:35:00;41209.390;0.000;41209.390
2023-08-07 06:40:00;43795.256;0.000;43795.256
2023-08-07 06:45:00;37663.154;0.000;37663.154
2023-08-07 06:50:00;43435.880;0.000;43435.880
2023-08-07 06:55:00;44470.820;0.000;44470.820
2023-08-07 07:00:00;45217.008;0.000;45217.008
2023-08-07 07:05:00;39830.618;0.000;39830.618
2023-08-07 07:10:00;36347.826;0.000;36347.826
2023-08-07 07:15:00;52907.462;0.000;52907.462
2023-08-07 07:20:00;54721.534;0.000;54721.534
2023-08-07 07:25:00;48720.992;0.000;48720.992
2023-08-07 07:30:00;44959.340;0.000;44959.340
2023-08-07 07:35:00;53985.152;0.000;53985.152
2023-08-07 07:40:00;57718.746;1.470;57717.276
2023-08-07 07:45:00;54046.050;46.638;53999.412
2023-08-07 07:50:00;48207.014;95.018;48111.996
2023-08-07 07:55:00;53859.432;201.764;53657.668
2023-08-07 08:00:00;53623.146;315.482;53307.664
2023-08-07 08:05:00;50786.058;445.852;50340.206
2023-08-07 08:10:00;44959.326;389.402;44569.924
2023-08-07 08:15:00;49122.300;776.668;48345.632
2023-08-07 08:20:00;60493.356;943.034;59550.322
2023-08-07 08:25:00;59105.100;1088.210;58016.890
2023-08-07 08:30:00;58181.368;1294.370;56886.998
2023-08-07 08:35:00;62609.754;1606.554;61003.200
2023-08-07 08:40:00;55603.596;1875.164;53728.432
2023-08-07 08:45:00;48039.114;2199.416;45839.698
2023-08-07 08:50:00;45737.192;2640.684;43096.508
2023-08-07 08:55:00;52793.356;3153.708;49639.648
2023-08-07 09:00:00;54264.730;3991.000;50273.730
2023-08-07 09:05:00;49220.692;5949.502;43271.190
2023-08-07 09:10:00;45421.214;6885.884;38535.330
2023-08-07 09:15:00;52513.290;7296.156;45217.134
2023-08-07 09:20:00;52418.868;8551.276;43867.592
2023-08-07 09:25:00;44903.992;8134.542;36769.450
2023-08-07 09:30:00;43890.588;9579.624;34310.964
2023-08-07 09:35:00;51710.936;6977.596;44733.340
2023-08-07 09:40:00;52900.490;9375.412;43525.078
2023-08-07 09:45:00;45175.492;10249.970;34925.522
2023-08-07 09:50:00;45597.944;10468.528;35129.416
2023-08-07 09:55:00;54827.116;11272.278;43554.838
2023-08-07 10:00:00;54859.548;12074.456;42785.092
2023-08-07 10:05:00;45767.710;11694.340;34073.370
2023-08-07 10:10:00;;;
2023-08-07 10:15:00;;;
2023-08-07 10:20:00;;;
2023-08-07 10:25:00;;;
2023-08-07 10:30:00;;;
2023-08-07 10:35:00;;;
2023-08-07 10:40:00;;;
2023-08-07 10:45:00;;;
2023-08-07 10:50:00;;;
2023-08-07 10:55:00;;;
2023-08-07 11:00:00;;;
2023-08-07 11:05:00;;;
2023-08-07 11:10:00;;;
2023-08-07 11:15:00;;;
2023-08-07 11:20:00;;;
2023-08-07 11:25:00;;;
2023-08-07 11:30:00;;;
2023-08-07 11:35:00;;;
2023-08-07 11:40:00;;;
2023-08-07 11:45:00;;;
2023-08-07 11:50:00;;;
2023-08-07 11:55:00;;;
2023-08-07 12:00:00;;;
2023-08-07 12:05:00;45235.580;23829.000;21406.580
2023-08-07 12:10:00;48665.950;31560.752;17105.198
2023-08-07 12:15:00;50107.802;32752.602;17355.200
2023-08-07 12:20:00;59532.746;33683.424;25849.322
2023-08-07 12:25:00;55318.864;34287.168;21031.696
2023-08-07 12:30:00;55127.808;34811.998;20315.810
2023-08-07 12:35:00;58264.542;35357.778;22906.764
2023-08-07 12:40:00;52184.856;35250.922;16933.934
2023-08-07 12:45:00;58418.280;35574.666;22843.614
2023-08-07 12:50:00;51809.044;35729.702;16079.342
2023-08-07 12:55:00;52407.558;35646.270;16761.288
2023-08-07 13:00:00;57961.256;35232.028;22729.228
2023-08-07 13:05:00;46830.796;35138.658;11692.138
2023-08-07 13:10:00;53311.690;35028.426;18283.264
2023-08-07 13:15:00;48002.432;34858.112;13144.320
2023-08-07 13:20:00;51747.652;34452.714;17294.938
2023-08-07 13:25:00;55066.418;33797.068;21269.350
2023-08-07 13:30:00;43985.944;33027.800;10958.144
2023-08-07 13:35:00;53237.730;33102.856;20134.874
2023-08-07 13:40:00;49298.922;33652.436;15646.486
2023-08-07 13:45:00;50194.104;33021.014;17173.090
2023-08-07 13:50:00;56283.688;33023.538;23260.150
2023-08-07 13:55:00;45906.172;33074.164;12832.008
2023-08-07 14:00:00;52575.190;32797.172;19778.018
2023-08-07 14:05:00;48646.100;32157.888;16488.212
2023-08-07 14:10:00;49726.404;31575.844;18150.560
2023-08-07 14:15:00;52903.992;30841.484;22062.508
2023-08-07 14:20:00;45360.216;30765.322;14594.894
2023-08-07 14:25:00;51809.056;29714.548;22094.508
2023-08-07 14:30:00;45904.904;28564.766;17340.138
2023-08-07 14:35:00;48341.820;28496.698;19845.122
2023-08-07 14:40:00;49092.454;27940.654;21151.800
2023-08-07 14:45:00;47229.244;27512.156;19717.088
2023-08-07 14:50:00;55107.688;26916.460;28191.228
2023-08-07 14:55:00;46932.734;26239.166;20693.568
2023-08-07 15:00:00;50896.426;25174.386;25722.040
2023-08-07 15:05:00;47090.594;24391.504;22699.090
2023-08-07 15:10:00;45740.304;23275.010;22465.294
2023-08-07 15:15:00;55344.598;22463.148;32881.450
2023-08-07 15:20:00;54928.664;21804.884;33123.780
2023-08-07 15:25:00;62014.450;20514.578;41499.872
2023-08-07 15:30:00;59635.272;19494.820;40140.452
2023-08-07 15:35:00;55701.854;18549.844;37152.010
2023-08-07 15:40:00;62411.086;17683.378;44727.708
2023-08-07 15:45:00;53849.014;17402.416;36446.598
2023-08-07 15:50:00;62904.644;16583.432;46321.212
2023-08-07 15:55:00;54711.992;14897.652;39814.340
2023-08-07 16:00:00;52739.324;14173.994;38565.330
2023-08-07 16:05:00;54477.264;13384.500;41092.764
2023-08-07 16:10:00;51165.644;12737.134;38428.510
2023-08-07 16:15:00;44202.396;11997.318;32205.078
2023-08-07 16:20:00;49985.518;10754.904;39230.614
2023-08-07 16:25:00;50235.084;9698.824;40536.260
2023-08-07 16:30:00;49029.668;8465.252;40564.416
2023-08-07 16:35:00;42819.702;7169.772;35649.930
2023-08-07 16:40:00;45915.696;6021.690;39894.006
2023-08-07 16:45:00;49170.236;5142.336;44027.900
2023-08-07 16:50:00;51358.502;4278.360;47080.142
2023-08-07 16:55:00;43375.008;3692.366;39682.642
2023-08-07 17:00:00;40646.672;3286.526;37360.146
2023-08-07 17:05:00;49003.582;2208.896;46794.686
2023-08-07 17:10:00;50312.066;1515.746;48796.320
2023-08-07 17:15:00;47792.582;1265.638;46526.944
2023-08-07 17:20:00;42284.828;1086.148;41198.680
2023-08-07 17:25:00;44851.274;987.536;43863.738
2023-08-07 17:30:00;49649.378;869.458;48779.920
2023-08-07 17:35:00;49348.852;659.746;48689.106
2023-08-07 17:40:00;44605.474;490.046;44115.428
2023-08-07 17:45:00;40540.604;341.966;40198.638
2023-08-07 17:50:00;49969.318;181.068;49788.250
2023-08-07 17:55:00;48187.744;106.840;48080.904
2023-08-07 18:00:00;46910.284;58.572;46851.712
2023-08-07 18:05:00;40643.936;16.834;40627.102
2023-08-07 18:10:00;43725.612;0.000;43725.612
2023-08-07 18:15:00;48649.518;0.000;48649.518
2023-08-07 18:20:00;50075.530;0.000;50075.530
2023-08-07 18:25:00;39664.128;0.000;39664.128
2023-08-07 18:30:00;35553.430;0.000;35553.430
2023-08-07 18:35:00;42777.184;0.000;42777.184
2023-08-07 18:40:00;42915.710;0.000;42915.710
2023-08-07 18:45:00;39316.628;0.000;39316.628
2023-08-07 18:50:00;33691.672;0.000;33691.672
2023-08-07 18:55:00;37413.328;0.000;37413.328
2023-08-07 19:00:00;42007.568;0.000;42007.568
2023-08-07 19:05:00;40511.486;0.000;40511.486
2023-08-07 19:10:00;32996.788;0.000;32996.788
2023-08-07 19:15:00;33753.104;0.000;33753.104
2023-08-07 19:20:00;40052.936;0.000;40052.936
2023-08-07 19:25:00;40866.002;0.000;40866.002
2023-08-07 19:30:00;35724.422;0.000;35724.422
2023-08-07 19:35:00;32718.822;0.000;32718.822
2023-08-07 19:40:00;39702.172;0.000;39702.172
2023-08-07 19:45:00;36746.156;0.000;36746.156
2023-08-07 19:50:00;34870.432;0.000;34870.432
2023-08-07 19:55:00;40903.608;0.000;40903.608
2023-08-07 20:00:00;33072.222;0.000;33072.222
2023-08-07 20:05:00;40749.214;0.000;40749.214
2023-08-07 20:10:00;39132.916;0.000;39132.916
2023-08-07 20:15:00;36467.604;0.000;36467.604
2023-08-07 20:20:00;42967.452;0.000;42967.452
2023-08-07 20:25:00;35100.430;0.000;35100.430
2023-08-07 20:30:00;40068.962;0.000;40068.962
2023-08-07 20:35:00;37347.518;0.000;37347.518
2023-08-07 20:40:00;37680.848;0.000;37680.848
2023-08-07 20:45:00;41704.350;0.000;41704.350
2023-08-07 20:50:00;32937.264;0.000;32937.264
2023-08-07 20:55:00;41071.156;0.000;41071.156
2023-08-07 21:00:00;35662.672;0.000;35662.672
2023-08-07 21:05:00;37409.722;0.000;37409.722
2023-08-07 21:10:00;41530.786;0.000;41530.786
2023-08-07 21:15:00;32714.670;0.000;32714.670
2023-08-07 21:20:00;41024.002;0.000;41024.002
2023-08-07 21:25:00;36068.620;0.000;36068.620
2023-08-07 21:30:00;36953.922;0.000;36953.922
2023-08-07 21:35:00;39731.028;0.000;39731.028
2023-08-07 21:40:00;34032.112;0.000;34032.112
2023-08-07 21:45:00;41714.718;0.000;41714.718
2023-08-07 21:50:00;35997.638;0.000;35997.638
2023-08-07 21:55:00;39054.316;0.000;39054.316
2023-08-07 22:00:00;39756.494;0.000;39756.494
2023-08-07 22:05:00;35013.370;0.000;35013.370
2023-08-07 22:10:00;41429.448;0.000;41429.448
2023-08-07 22:15:00;35091.134;0.000;35091.134
2023-08-07 22:20:00;39878.782;0.000;39878.782
2023-08-07 22:25:00;38559.064;0.000;38559.064
2023-08-07 22:30:00;36101.466;0.000;36101.466
2023-08-07 22:35:00;42565.700;0.000;42565.700
2023-08-07 22:40:00;34509.224;0.000;34509.224
2023-08-07 22:45:00;41515.768;0.000;41515.768
2023-08-07 22:50:00;37752.982;0.000;37752.982
2023-08-07 22:55:00;37349.124;0.000;37349.124
2023-08-07 23:00:00;40956.030;0.000;40956.030
2023-08-07 23:05:00;33251.706;0.000;33251.706
2023-08-07 23:10:00;41154.370;0.000;41154.370
2023-08-07 23:15:00;36812.610;0.000;36812.610
2023-08-07 23:20:00;39241.218;0.000;39241.218
2023-08-07 23:25:00;43687.202;0.000;43687.202
2023-08-07 23:30:00;37763.218;0.000;37763.218
2023-08-07 23:35:00;33864.528;0.000;33864.528
2023-08-07 23:40:00;40990.490;0.000;40990.490
2023-08-07 23:45:00;42422.830;0.000;42422.830
2023-08-07 23:50:00;37100.070;0.000;37100.070
2023-08-07 23:55:00;32805.990;0.000;32805.990
